Refer_ID,Refer_smile,ecfp0_ID,ecfp0_smile,ecfp0_similarity,ecfp2_ID,ecfp2_smile,ecfp2_similarity,ecfp4_ID,ecfp4_smile,ecfp4_similarity,ecfp6_ID,ecfp6_smile,ecfp6_similarity,ecfc0_ID,ecfc0_smile,ecfc0_similarity,ecfc2_ID,ecfc2_smile,ecfc2_similarity,ecfc4_ID,ecfc4_smile,ecfc4_similarity,ecfc6_ID,ecfc6_smile,ecfc6_similarity,fcfp2_ID,fcfp2_smile,fcfp2_similarity,fcfp4_ID,fcfp4_smile,fcfp4_similarity,fcfp6_ID,fcfp6_smile,fcfp6_similarity,fcfc2_ID,fcfc2_smile,fcfc2_similarity,fcfc4_ID,fcfc4_smile,fcfc4_similarity,fcfc6_ID,fcfc6_smile,fcfc6_similarity,lecfp4_ID,lecfp4_smile,lecfp4_similarity,lecfp6_ID,lecfp6_smile,lecfp6_similarity,lfcfp4_ID,lfcfp4_smile,lfcfp4_similarity,lfcfp6_ID,lfcfp6_smile,lfcfp6_similarity,maccs_ID,maccs_smile,maccs_similarity,ap_ID,ap_smile,ap_similarity,tt_ID,tt_smile,tt_similarity,hashap_ID,hashap_smile,hashap_similarity,hashap4_ID,hashap4_smile,hashap4_similarity,hashtt_ID,hashtt_smile,hashtt_similarity,avalon_ID,avalon_smile,avalon_similarity,laval_ID,laval_smile,laval_similarity,rdk5_ID,rdk5_smile,rdk5_similarity,rdk6_ID,rdk6_smile,rdk6_similarity,rdk7_ID,rdk7_smile,rdk7_similarity
Tinidazole,CCS(=O)(=O)CCn1c([N+](=O)[O-])cnc1C,T8196,Cn1c(Cc2ccccc2)nc(=O)c2ccccc21,0.7,,,,,,,,,,T1231,CCC1C(=O)OCC1Cc1cncn1C.O=[N+]([O-])O,0.7428571428571429,,,,,,,,,,,,,,,,,,,T1231,CCC1C(=O)OCC1Cc1cncn1C.O=[N+]([O-])O,0.6857142857142857,T1231,CCC1C(=O)OCC1Cc1cncn1C.O=[N+]([O-])O,0.5217391304347826,,,,,,,,,,,,,,,,N099-0006,O=[N+]([O-])c1cccc(S(=O)(=O)N2CCCCC2c2cccnc2)c1,0.6075949367088608,,,,,,,,,,,,,,,,,,,,,,,,,,,,T1040,CC1=C2C(CCC(N)=O)C(C)(C)C(=CC3=NC(=C(C)C4=NC(C)(C5N=C1C(C)(CCC(=O)NCC(C)OP(=O)([O-])OC1C(CO)OC(n6cnc7cc(C)c(C)cc76)C1O)C5CC(N)=O)C(C)(CC(N)=O)C4CCC(N)=O)C(C)(CC(N)=O)C3CCC(N)=O)N2[Co+]C#N,0.5124378109452736
Tinidazole,CCS(=O)(=O)CCn1c([N+](=O)[O-])cnc1C,N099-0006,O=[N+]([O-])c1cccc(S(=O)(=O)N2CCCCC2c2cccnc2)c1,0.6666666666666666,,,,,,,,,,STOCK1N-99758,CCC1C(=O)OCC1Cc1cncn1C.O=[N+]([O-])O,0.7428571428571429,,,,,,,,,,,,,,,,,,,STOCK1N-99758,CCC1C(=O)OCC1Cc1cncn1C.O=[N+]([O-])O,0.6857142857142857,STOCK1N-99758,CCC1C(=O)OCC1Cc1cncn1C.O=[N+]([O-])O,0.5217391304347826,,,,,,,,,,,,,,,,T13923,Cc1ncc(C[n+]2csc(CCO)c2C)c(N)n1.O=[N+]([O-])[O-],0.5764705882352941,,,,,,,,,,,,,,,,,,,,,,,,,,,,T20565,CC=C1CN2CCC34c5ccccc5N(C)C35OCC4(C(=O)OC)C1CC25,0.512291052114061
Tinidazole,CCS(=O)(=O)CCn1c([N+](=O)[O-])cnc1C,T1231,CCC1C(=O)OCC1Cc1cncn1C.O=[N+]([O-])O,0.6428571428571429,,,,,,,,,,T0070,CC(=O)CCCCn1c(=O)c2c(ncn2C)n(C)c1=O,0.7222222222222222,,,,,,,,,,,,,,,,,,,T4704,Cn1cncc1CC(NC(=O)CCN)C(=O)O.O=[N+]([O-])O,0.6216216216216216,,,,,,,,,,,,,,,,,,,T16442,Cc1cc(N2C(=O)NC(=O)C2(C)C)cc(C)c1CCS(=O)(=O)N1CCC2(CC1)N=C(c1ccc(OC(F)(F)F)cc1)NC2=O,0.5742574257425742,,,,,,,,,,,,,,,,,,,,,,,,,,,,TN4900,CC=C1CN2C3CC45c6ccc(O)cc6NC4(O3)C2CC1C5(COC(C)=O)C(=O)OC,0.5117878192534381
Tinidazole,CCS(=O)(=O)CCn1c([N+](=O)[O-])cnc1C,T4704,Cn1cncc1CC(NC(=O)CCN)C(=O)O.O=[N+]([O-])O,0.6428571428571429,,,,,,,,,,T4704,Cn1cncc1CC(NC(=O)CCN)C(=O)O.O=[N+]([O-])O,0.7027027027027027,,,,,,,,,,,,,,,,,,,NP-012620,CCCCc1occ2c1C(=O)OC2,0.6206896551724138,,,,,,,,,,,,,,,,,,,N085-0085,C[N+]12CCCCC1C(CNc1ccccc1[N+](=O)[O-])CCC2,0.569620253164557,,,,,,,,,,,,,,,,,,,,,,,,,,,,STOCK1N-47291,Cc1c(N)nc(C(CC(N)=O)NCC(N)C(N)=O)nc1C(=O)NC(C(=O)NC(C)C(O)C(C)C(=O)NC(C(=O)NCCc1nc(-c2nc(C(=O)NCCCNCCCCN)cs2)cs1)C(C)O)C(OC1OC(CO)C(O)C(O)C1OC1OC(CO)C(O)C(OC(N)=O)C1O)c1c[nH]cn1,0.5108695652173914
Tinidazole,CCS(=O)(=O)CCn1c([N+](=O)[O-])cnc1C,STOCK1N-99758,CCC1C(=O)OCC1Cc1cncn1C.O=[N+]([O-])O,0.6428571428571429,,,,,,,,,,T2205,Cn1c(=O)c2c(ncn2CC(=O)O)n(C)c1=O,0.6666666666666666,,,,,,,,,,,,,,,,,,,TN2074,CCC1C(=O)OCC1Cc1cncn1C,0.6129032258064516,,,,,,,,,,,,,,,,,,,T17199,CCCOc1ccc(S(=O)(=O)NCCC2CCCN2C)cc1-c1nc2c(CCC)nn(C)c2c(=O)[nH]1,0.5643564356435643,,,,,,,,,,,,,,,,,,,,,,,,,,,,STOCK1N-74760,Cc1c(N)nc(C(CC(N)=O)NCC(N)C(N)=O)nc1C(=O)NC(C(=O)NC(C)C(O)C(C)C(=O)NC(C(=O)NCCc1nc(-c2nc(C(=O)NCCC[S+](C)C)cs2)cs1)C(C)O)C(OC1OC(CO)C(O)C(O)C1OC1OC(CO)C(O)C(OC(N)=O)C1O)c1cnc[nH]1.Cc1c(N)nc(C(CC(N)=O)NCC(N)C(N)=O)nc1C(=O)NC(C(=O)NC(C)C(O)C(C)C(=O)NC(C(=O)NCCc1nc(-c2nc(C(=O)NCCC[S+](C)C)cs2)cs1)C(C)O)C(OC1OC(CO)C(O)C(O)C1OC1OC(CO)C(O)C(OC(N)=O)C1O)c1cnc[nH]1.O=S(=O)([O-])[O-],0.5108695652173914
Tinidazole,CCS(=O)(=O)CCn1c([N+](=O)[O-])cnc1C,T5853,CCC1(O)C(=O)OCc2c1cc1n(c2=O)Cc2cc3c([N+](=O)[O-])cccc3nc2-1,0.6428571428571429,,,,,,,,,,T0892,Cn1c(=O)c2c(ncn2CC(O)CO)n(C)c1=O,0.6470588235294118,,,,,,,,,,,,,,,,,,,STOCK1N-18408,CCC1C(=O)OCC1Cc1cncn1C.Cl,0.6031746031746031,,,,,,,,,,,,,,,,,,,TQ0152,CCN(CC)CCS(=O)(=O)C1CCN2C(=O)c3coc(n3)CC(=O)CC(O)C=C(C)C=CCNC(=O)C=CC(C)C(C(C)C)OC(=O)C12,0.5543478260869565,,,,,,,,,,,,,,,,,,,,,,,,,,,,TN2068,CC=C1CN2C3CC45c6ccccc6NC4(O3)C2CC1C5C(=O)OC,0.5108267716535433
Tinidazole,CCS(=O)(=O)CCn1c([N+](=O)[O-])cnc1C,TN1176,CCC1(O)C(=O)OCc2c1cc1n(c2=O)Cc2cc3cc([N+](=O)[O-])ccc3nc2-1,0.6428571428571429,,,,,,,,,,TN2074,CCC1C(=O)OCC1Cc1cncn1C,0.6451612903225806,,,,,,,,,,,,,,,,,,,T0804,CCC1C(=O)OCC1Cc1cncn1C.Cl,0.6031746031746031,,,,,,,,,,,,,,,,,,,T1231,CCC1C(=O)OCC1Cc1cncn1C.O=[N+]([O-])O,0.55,,,,,,,,,,,,,,,,,,,,,,,,,,,,TN4783,CC=C1CN2C3CC45c6ccccc6NC4(O3)C2CC1C5(C=O)C(=O)OC,0.5108055009823183
Tinidazole,CCS(=O)(=O)CCn1c([N+](=O)[O-])cnc1C,T2205,Cn1c(=O)c2c(ncn2CC(=O)O)n(C)c1=O,0.6363636363636364,,,,,,,,,,TN2101,CCCCCC1=CC(=O)C=C(OC)C1=O,0.6451612903225806,,,,,,,,,,,,,,,,,,,N099-0006,O=[N+]([O-])c1cccc(S(=O)(=O)N2CCCCC2c2cccnc2)c1,0.6,,,,,,,,,,,,,,,,,,,STOCK1N-99758,CCC1C(=O)OCC1Cc1cncn1C.O=[N+]([O-])O,0.55,,,,,,,,,,,,,,,,,,,,,,,,,,,,TN4784,CC=C1CN2C3CC45c6ccccc6NC4(O3)C2CC1C5(COC(C)=O)C(=O)OC,0.5108055009823183
Tinidazole,CCS(=O)(=O)CCn1c([N+](=O)[O-])cnc1C,T0070,CC(=O)CCCCn1c(=O)c2c(ncn2C)n(C)c1=O,0.6363636363636364,,,,,,,,,,T13923,Cc1ncc(C[n+]2csc(CCO)c2C)c(N)n1.O=[N+]([O-])[O-],0.631578947368421,,,,,,,,,,,,,,,,,,,TN5241,Cc1c2c(cc3occ(C=O)c13)C(=O)CCC2C,0.5882352941176471,,,,,,,,,,,,,,,,,,,T4704,Cn1cncc1CC(NC(=O)CCN)C(=O)O.O=[N+]([O-])O,0.5402298850574713,,,,,,,,,,,,,,,,,,,,,,,,,,,,STOCK1N-38480,CCC1(O)CC2CN(CCc3c([nH]c4ccccc34)C(C(=O)OC)(c3cc4c(cc3OC)N(C)C3C(O)(C(=O)OC)C(OC(C)=O)C5(CC)C=CCN6CCC43C65)C2)C1.O=S(=O)(O)O,0.5107632093933464
Tinidazole,CCS(=O)(=O)CCn1c([N+](=O)[O-])cnc1C,TCFN90099,CCCCCCCCc1ccc(C(=O)CC[N+](=O)[O-])cc1,0.6363636363636364,,,,,,,,,,NP-020718,CCCCCCC1=C(C)C(=O)N(C(C)C(=O)O)C1=O,0.6285714285714286,,,,,,,,,,,,,,,,,,,T1202,CN1C(=O)CCC1c1cccnc1,0.5862068965517241,,,,,,,,,,,,,,,,,,,T7056,CCCCc1oc2ccc(NS(C)(=O)=O)cc2c1C(=O)c1ccc(OCCCN(CCCC)CCCC)cc1,0.5384615384615384,,,,,,,,,,,,,,,,,,,,,,,,,,,,STOCK1N-40733,CCC1(O)CC2CN(CCc3c([nH]c4ccccc34)C(C(=O)OC)(c3cc4c(cc3OC)N(C=O)C3C(O)(C(=O)OC)C(OC(C)=O)C5(CC)C=CCN6CCC43C65)C2)C1.O=S(=O)(O)O,0.5107632093933464
Tinidazole,CCS(=O)(=O)CCn1c([N+](=O)[O-])cnc1C,T28415,COc1cnc(CCn2ccc3c4n(c(=O)c(=O)cc2-4)c2ccccc32)c2c1c1ccccc1n2OC,0.6363636363636364,,,,,,,,,,STOCK1N-18408,CCC1C(=O)OCC1Cc1cncn1C.Cl,0.625,,,,,,,,,,,,,,,,,,,T0070,CC(=O)CCCCn1c(=O)c2c(ncn2C)n(C)c1=O,0.5833333333333334,,,,,,,,,,,,,,,,,,,TCFN90074,C[S+](CCC(N)C(=O)O)CC1OC(n2cnc3c(N)ncnc32)C(O)C1O.Cc1ccc(S(=O)(=O)[O-])cc1,0.5339805825242718,,,,,,,,,,,,,,,,,,,,,,,,,,,,T1668,CCC1(O)CC2CN(CCc3c([nH]c4ccccc34)C(C(=O)OC)(c3cc4c(cc3OC)N(C)C3C(O)(C(=O)OC)C(OC(C)=O)C5(CC)C=CCN6CCC43C65)C2)C1.O=S(=O)(O)O,0.5107632093933464
Tinidazole,CCS(=O)(=O)CCn1c([N+](=O)[O-])cnc1C,NP-004763,Cn1c(=O)c2c(ncn2C)n(C)c1=O,0.6,,,,,,,,,,NP-022726,CCCCC(=O)c1ccccc1C(=O)OC,0.625,,,,,,,,,,,,,,,,,,,NP-009752,CC(=O)OC1c2c(C)coc2C(=O)C23OC2CCC(C)C13C,0.5789473684210527,,,,,,,,,,,,,,,,,,,NP-004810,O=C(O)c1ccccc1NC(=O)C1CCCN1C(=O)c1ccc([N+](=O)[O-])cc1,0.5308641975308642,,,,,,,,,,,,,,,,,,,,,,,,,,,,T1270,CCC1(O)CC2CN(CCc3c([nH]c4ccccc34)C(C(=O)OC)(c3cc4c(cc3OC)N(C=O)C3C(O)(C(=O)OC)C(OC(C)=O)C5(CC)C=CCN6CCC43C65)C2)C1.O=S(=O)(O)O,0.5107632093933464
Tinidazole,CCS(=O)(=O)CCn1c([N+](=O)[O-])cnc1C,TN1174,CCCCCCCc1cc(=O)c2ccccc2n1C,0.6,,,,,,,,,,T0804,CCC1C(=O)OCC1Cc1cncn1C.Cl,0.625,,,,,,,,,,,,,,,,,,,AA-504/21001062,CC(=O)OC1CCC2=CC(OC2=O)c2c(C)coc2C=C1C,0.5789473684210527,,,,,,,,,,,,,,,,,,,STOCK1N-38480,CCC1(O)CC2CN(CCc3c([nH]c4ccccc34)C(C(=O)OC)(c3cc4c(cc3OC)N(C)C3C(O)(C(=O)OC)C(OC(C)=O)C5(CC)C=CCN6CCC43C65)C2)C1.O=S(=O)(O)O,0.5247524752475248,,,,,,,,,,,,,,,,,,,,,,,,,,,,STOCK1N-75519,CCC12C=CCN3CCC4(c5ccc(OC)cc5N(C)C4C(O)(C(=O)OC)C1OC(C)=O)C32,0.5104270109235353
Tinidazole,CCS(=O)(=O)CCn1c([N+](=O)[O-])cnc1C,TN1099,CCCCCCCCCCCCCc1cc(=O)c2ccccc2n1C,0.6,,,,,,,,,,TCFN92317,CN(C)C(=O)OCc1ccc([N+](=O)[O-])cc1,0.625,,,,,,,,,,,,,,,,,,,TCFN00253,Cc1ccn2c1C(=O)CC2,0.5769230769230769,,,,,,,,,,,,,,,,,,,T1668,CCC1(O)CC2CN(CCc3c([nH]c4ccccc34)C(C(=O)OC)(c3cc4c(cc3OC)N(C)C3C(O)(C(=O)OC)C(OC(C)=O)C5(CC)C=CCN6CCC43C65)C2)C1.O=S(=O)(O)O,0.5247524752475248,,,,,,,,,,,,,,,,,,,,,,,,,,,,0080-0008,CCC12C=CCN3CCC4(c5ccc(OC)cc5N(C)C4C(O)(C(=O)OC)C1OC(C)=O)C32,0.5104270109235353
Tinidazole,CCS(=O)(=O)CCn1c([N+](=O)[O-])cnc1C,TN2552,CCCCCCCCCc1cc(=O)c2ccccc2n1C,0.6,,,,,,,,,,TCFN92318,CCNC(=O)OCc1ccc([N+](=O)[O-])cc1,0.625,,,,,,,,,,,,,,,,,,,T6S1894,CC1=CCCC23OC2C(OC3=O)c2c(C)coc2C1,0.5714285714285714,,,,,,,,,,,,,,,,,,,STOCK1N-40733,CCC1(O)CC2CN(CCc3c([nH]c4ccccc34)C(C(=O)OC)(c3cc4c(cc3OC)N(C=O)C3C(O)(C(=O)OC)C(OC(C)=O)C5(CC)C=CCN6CCC43C65)C2)C1.O=S(=O)(O)O,0.5145631067961165,,,,,,,,,,,,,,,,,,,,,,,,,,,,T2773,CCC12C=CCN3CCC4(c5ccc(OC)cc5N(C)C4C(O)(C(=O)OC)C1OC(C)=O)C32,0.5104270109235353
Tinidazole,CCS(=O)(=O)CCn1c([N+](=O)[O-])cnc1C,TN1175,CCCCCc1cc(=O)c2ccccc2n1C,0.6,,,,,,,,,,T4973,Cn1c(=O)[nH]c2ncn(C)c2c1=O,0.6206896551724138,,,,,,,,,,,,,,,,,,,TN5853,CC(C)=CC(=O)c1occc1C,0.5714285714285714,,,,,,,,,,,,,,,,,,,T1270,CCC1(O)CC2CN(CCc3c([nH]c4ccccc34)C(C(=O)OC)(c3cc4c(cc3OC)N(C=O)C3C(O)(C(=O)OC)C(OC(C)=O)C5(CC)C=CCN6CCC43C65)C2)C1.O=S(=O)(O)O,0.5145631067961165,,,,,,,,,,,,,,,,,,,,,,,,,,,,NP-008029,CC1(C)C(=O)N2c3ccccc3C3(CC(n4cnc5ccccc5c4=O)C(=O)O3)C2N1O,0.5103244837758112
Tinidazole,CCS(=O)(=O)CCn1c([N+](=O)[O-])cnc1C,TN2553,CCCCCCCCCCCc1cc(=O)c2ccccc2n1C,0.6,,,,,,,,,,T30295,CCC1(CC)C(=O)NC(=O)NC1=O,0.6206896551724138,,,,,,,,,,,,,,,,,,,TCFN91936,Cc1coc2c1C1C=C(CCC3OC3(C)C2)C(=O)O1,0.5714285714285714,,,,,,,,,,,,,,,,,,,TCFN91645,Nc1nc(NCCNc2ncc(-c3ncc[nH]3)c(-c3ccc(Cl)cc3Cl)n2)ccc1[N+](=O)[O-],0.5119047619047619,,,,,,,,,,,,,,,,,,,,,,,,,,,,T16340,C=C(NC(=O)c1csc(-c2nc3c(cc2O)-c2nc(cs2)C(=O)NC(C(C)O)C(=O)NC(=CC)c2nc(cs2)C(=O)NC2CC(O)C(=O)OCc4cccc5[nH]c(c(C)c45)C(=O)SCC(NC(=O)c4csc2n4)c2nc-3cs2)n1)C(N)=O,0.5103042198233563
Tinidazole,CCS(=O)(=O)CCn1c([N+](=O)[O-])cnc1C,TN1858,CCCc1cc(=O)c2ccccc2n1C,0.6,,,,,,,,,,T0625,Cn1cnc2c1c(=O)[nH]c(=O)n2C,0.6206896551724138,,,,,,,,,,,,,,,,,,,TCFN96303,CC(C)=CC(=O)c1coc(C)c1,0.5714285714285714,,,,,,,,,,,,,,,,,,,T21164,Cc1nn(-c2cc(NS(C)(=O)=O)c(Cl)cc2Cl)c(=O)n1C(F)F,0.5113636363636364,,,,,,,,,,,,,,,,,,,,,,,,,,,,NP-022717,CC(C)C(O)c1nc2ccccc2c(=O)n1C1CC2(OC1=O)c1ccccc1N1C(=O)C(C)(C)N(O)C12,0.5103042198233563
Tinidazole,CCS(=O)(=O)CCn1c([N+](=O)[O-])cnc1C,T15277,Cn1c(=O)c2ncnnc2n(C)c1=O,0.6,,,,,,,,,,T1083,Cn1c(=O)c2[nH]cnc2n(C)c1=O,0.6206896551724138,,,,,,,,,,,,,,,,,,,T16542,CCn1cc(C(=O)O)c(=O)c2cnc(N3CCCC3)nc21,0.5675675675675675,,,,,,,,,,,,,,,,,,,STOCK1N-95800,CC(C)C1(NC(=O)C2CC3c4cccc5[nH]cc(c45)CC3N(C)C2)OC2(O)C3CCCN3C(=O)C(Cc3ccccc3)N2C1=O.CS(=O)(=O)O,0.5098039215686274,,,,,,,,,,,,,,,,,,,,,,,,,,,,TN4901,CC=C1CN2C3CC45c6ccc(OC)cc6NC4(O3)C2CC1C5(COC(=O)c1cc(OC)c(OC)c(OC)c1)C(=O)OC,0.5102840352595495
Tinidazole,CCS(=O)(=O)CCn1c([N+](=O)[O-])cnc1C,T5940,CC(O)Cn1cnc2c1c(=O)n(C)c(=O)n2C,0.5833333333333334,,,,,,,,,,NP-016393,CCCCCCC1=C(C)C(=O)N(CCCC(=O)O)C1=O,0.6111111111111112,,,,,,,,,,,,,,,,,,,NP-007986,CCCCc1c(OC)cc(=O)oc1C,0.5666666666666667,,,,,,,,,,,,,,,,,,,NP-023017,CCC(C)C1NC(=O)C(C(C)C)NC(=O)C(Cc2ccccc2)NC(=O)C(Cc2ccccc2)NC(=O)C2CCCN2C(=O)C2CCCN2C(=O)C(C(C)CC)NC(=O)C(CC(C)C)NC(=O)C(CCS(C)=O)NC1=O,0.5057471264367817,,,,,,,,,,,,,,,,,,,,,,,,,,,,NP-024126,C=CC(C)(C)C12CC3(O)c4nc5ccccc5c(=O)n4C(C)C(=O)N3C1N(C(C)=O)c1ccccc12,0.5102639296187683
Tinidazole,CCS(=O)(=O)CCn1c([N+](=O)[O-])cnc1C,T0892,Cn1c(=O)c2c(ncn2CC(O)CO)n(C)c1=O,0.5833333333333334,,,,,,,,,,NP-020681,CCCCCCC1=C(C)C(=O)N(C(CO)C(=O)O)C1=O,0.6111111111111112,,,,,,,,,,,,,,,,,,,NP-025257,CC(O)c1ccc(C2CCC(=O)O2)o1,0.5666666666666667,,,,,,,,,,,,,,,,,,,T5853,CCC1(O)C(=O)OCc2c1cc1n(c2=O)Cc2cc3c([N+](=O)[O-])cccc3nc2-1,0.5054945054945055,,,,,,,,,,,,,,,,,,,,,,,,,,,,NP-024928,CC(C)C12SSSSC3(C(=O)N1C)C1OC45C(=O)N(C)C(CO)C(=O)N4C4Nc6ccccc6C4(C5O)C14c1ccccc1NC4N3C2=O,0.5102639296187683
Tinidazole,CCS(=O)(=O)CCn1c([N+](=O)[O-])cnc1C,T16542,CCn1cc(C(=O)O)c(=O)c2cnc(N3CCCC3)nc21,0.5833333333333334,,,,,,,,,,NP-020712,CCCCCCC1=C(C)C(=O)N(CCCC(N)=O)C1=O,0.6111111111111112,,,,,,,,,,,,,,,,,,,NP-025310,CC(=O)c1cccn1CCCC(=O)O,0.5666666666666667,,,,,,,,,,,,,,,,,,,TN1176,CCC1(O)C(=O)OCc2c1cc1n(c2=O)Cc2cc3cc([N+](=O)[O-])ccc3nc2-1,0.5054945054945055,,,,,,,,,,,,,,,,,,,,,,,,,,,,T7594,CCC12C=CCN3CCC4(c5cc(C6(C(=O)OC)CC7CC(C(C)(F)F)CN(Cc8c6[nH]c6ccccc86)C7)c(OC)cc5N(C)C4C(O)(C(=O)OC)C1OC(C)=O)C32,0.5102639296187683
Tinidazole,CCS(=O)(=O)CCn1c([N+](=O)[O-])cnc1C,T1681,Cn1c(=O)c2[nH]cnc2n(C)c1=O.Cn1c(=O)c2[nH]cnc2n(C)c1=O.NCCN,0.5833333333333334,,,,,,,,,,T0603,CCCCC(CC)COC(=O)c1ccccc1C(=O)[O-],0.6111111111111112,,,,,,,,,,,,,,,,,,,AK-693/40962762,CC(=O)OC1c2occ(C)c2C2C=C(CCC3OC31C)C(=O)O2,0.5641025641025641,,,,,,,,,,,,,,,,,,,T8046,Cc1ccc(S(=O)(=O)O)cc1.NC1CCN(c2nc3c(cc2F)c(=O)c(C(=O)O)cn3-c2ccc(F)cc2F)C1.O,0.504950495049505,,,,,,,,,,,,,,,,,,,,,,,,,,,,NP-017849,C=C(NC(=O)c1ccc2c(n1)-c1coc(n1)C(=C)NC(=O)C(=C)NC(=O)c1nc(oc1C)C(=C)NC(=O)C(C(C)(C)O)NC(=O)C(=C)NC(=O)c1nc(oc1C)C(=CC)NC(=O)C(C(C)O)NC(=O)c1csc-2n1)C(N)=O,0.5099403578528827
Tinidazole,CCS(=O)(=O)CCn1c([N+](=O)[O-])cnc1C,AO-774/41465469,CCN(CC)CCn1c(=O)c(Cc2cc(OC)c(OC)c(OC)c2)nc2ccccc21,0.5833333333333334,,,,,,,,,,T5940,CC(O)Cn1cnc2c1c(=O)n(C)c(=O)n2C,0.6060606060606061,,,,,,,,,,,,,,,,,,,T35305,CC(=O)OC1CCC23OC2C(OC3=O)c2c(C)coc2C=C1C,0.5641025641025641,,,,,,,,,,,,,,,,,,,,,,,,,,,,,,,,,,,,,,,,,,,,,,,,,NP-021014,COC(C(=O)C(O)C(C)O)C1Cc2cc3cc(OC4CC(OC(C)=O)C(OC5CC(O)C(OC)C(C)O5)C(C)O4)c(C)c(O)c3c(O)c2C(=O)C1OC1CC(OC2CC(OC3CC(C)(O)C(O)C(C)O3)C(O)C(C)O2)C(O)C(C)O1,0.5098241985522234
Tinidazole,CCS(=O)(=O)CCn1c([N+](=O)[O-])cnc1C,T2S0837,O=[N+]([O-])c1ccc(-c2csc(CCl)n2)cc1,0.5833333333333334,,,,,,,,,,T22243,Cn1cncc1CC(NC(=O)CCN)C(=O)O,0.6060606060606061,,,,,,,,,,,,,,,,,,,T21552,Cc1cn(C2CC(O)C(C)O2)c(=O)[nH]c1=O,0.5625,,,,,,,,,,,,,,,,,,,,,,,,,,,,,,,,,,,,,,,,,,,,,,,,,NP-018961,CN1C(=O)C2CC3(OC1c1nc4ccccc4c(=O)n12)c1ccccc1N1C(=O)C2(CC2)NC13,0.5098039215686274
Tinidazole,CCS(=O)(=O)CCn1c([N+](=O)[O-])cnc1C,T24638,COc1cccc2c1[nH]c1c(CCn3ccc4c5n(c(=O)c(=O)cc3-5)c3ccccc43)ncc(OC)c12,0.5833333333333334,,,,,,,,,,STOCK1N-06824,CN(C)CCc1ccc(O)cc1.O=S(=O)(O)O,0.6060606060606061,,,,,,,,,,,,,,,,,,,1544-0040,Cc1cn(C2CC3OCC3O2)c(=O)[nH]c1=O,0.5625,,,,,,,,,,,,,,,,,,,,,,,,,,,,,,,,,,,,,,,,,,,,,,,,,NP-021017,COC(C(=O)C(O)C(C)O)C1Cc2cc3cc(OC4CC(OC(C)=O)C(OC5CC(O)C(OC)C(C)O5)C(C)O4)c(C)c(O)c3c(O)c2C(=O)C1OC1CC(OC2CC(OC3CC(C)(O)C(OC(=O)C(C)C)C(C)O3)C(O)C(C)O2)C(O)C(C)O1,0.5098039215686274
Tinidazole,CCS(=O)(=O)CCn1c([N+](=O)[O-])cnc1C,T13923,Cc1ncc(C[n+]2csc(CCO)c2C)c(N)n1.O=[N+]([O-])[O-],0.5714285714285714,,,,,,,,,,NP-016455,CC(C)CC1NC(=O)C(CCC(=O)O)NC1=O,0.6060606060606061,,,,,,,,,,,,,,,,,,,T4S0867,Cc1cc(O)c(C(=O)CCC(C)C)c(=O)o1,0.5625,,,,,,,,,,,,,,,,,,,,,,,,,,,,,,,,,,,,,,,,,,,,,,,,,TN4620,CC=C1CN2C3CC45c6ccccc6N(COC)C4(O3)C2CC1C5C(=O)OC,0.5098039215686274
Tinidazole,CCS(=O)(=O)CCn1c([N+](=O)[O-])cnc1C,TCFN90074,C[S+](CCC(N)C(=O)O)CC1OC(n2cnc3c(N)ncnc32)C(O)C1O.Cc1ccc(S(=O)(=O)[O-])cc1,0.5625,,,,,,,,,,NP-020439,CC(=O)N(O)CCCCCN1C(=O)CCC1=O,0.6060606060606061,,,,,,,,,,,,,,,,,,,TCFN92317,CN(C)C(=O)OCc1ccc([N+](=O)[O-])cc1,0.5625,,,,,,,,,,,,,,,,,,,,,,,,,,,,,,,,,,,,,,,,,,,,,,,,,NP-001769,CC1C(=O)N2c3ccccc3C3(O)CC4C(=O)NC(C)(c5nc6ccccc6c(=O)n54)N1C23,0.5097847358121331
Tinidazole,CCS(=O)(=O)CCn1c([N+](=O)[O-])cnc1C,T0543,Cn1cnc2[nH]c(=O)[nH]c(=O)c21,0.5454545454545454,,,,,,,,,,TN1175,CCCCCc1cc(=O)c2ccccc2n1C,0.6060606060606061,,,,,,,,,,,,,,,,,,,TN4548,COC(=O)CCC(C)=O,0.56,,,,,,,,,,,,,,,,,,,,,,,,,,,,,,,,,,,,,,,,,,,,,,,,,T0190,CCC1=CC2CN(C1)Cc1c([nH]c3ccccc13)C(C(=O)OC)(c1cc3c(cc1OC)N(C)C1C(O)(C(=O)OC)C(OC(C)=O)C4(CC)C=CCN5CCC31C54)C2,0.5097847358121331
Tinidazole,CCS(=O)(=O)CCn1c([N+](=O)[O-])cnc1C,T10021,Cn1c(=O)[nH]c2[nH]cnc2c1=O,0.5454545454545454,,,,,,,,,,NP-005823,CC=C(C(=O)O)N1C(=O)C=C(C)C1=O,0.6,,,,,,,,,,,,,,,,,,,T5S1897,CC1=CCCC2=CC(OC2=O)c2c(C)coc2C1,0.5588235294117647,,,,,,,,,,,,,,,,,,,,,,,,,,,,,,,,,,,,,,,,,,,,,,,,,T3022,CCC1=CC2CN(CCc3c([nH]c4ccccc34)C(C(=O)OC)(c3cc4c(cc3OC)N(C)C3C(O)(C(=O)OC)C(OC(C)=O)C5(CC)C=CCN6CCC43C65)C2)C1,0.5097847358121331
Tinidazole,CCS(=O)(=O)CCn1c([N+](=O)[O-])cnc1C,T4973,Cn1c(=O)[nH]c2ncn(C)c2c1=O,0.5454545454545454,,,,,,,,,,NP-007986,CCCCc1c(OC)cc(=O)oc1C,0.6,,,,,,,,,,,,,,,,,,,TN5278,CC1=CCCC2(C)OC2C(=O)c2c(C)coc2C1,0.5588235294117647,,,,,,,,,,,,,,,,,,,,,,,,,,,,,,,,,,,,,,,,,,,,,,,,,T6213,CCC1=CC2CN(C1)Cc1c([nH]c3ccccc13)C(C(=O)OC)(c1cc3c(cc1OC)N(C)C1C(O)(C(=O)OC)C(OC(C)=O)C4(CC)C=CCN5CCC31C54)C2.O=C(O)C(O)C(O)C(=O)O.O=C(O)C(O)C(O)C(=O)O,0.5097847358121331
Tinidazole,CCS(=O)(=O)CCn1c([N+](=O)[O-])cnc1C,T4107,Cc1ncc(CO)c(C(=O)O)c1O,0.5454545454545454,,,,,,,,,,NP-019992,Cc1oc(=O)ccc1CCCC(=O)O,0.6,,,,,,,,,,,,,,,,,,,TCFN95214,C=C1Cc2occ(C)c2C(=O)CC(C)CC2OC12,0.5588235294117647,,,,,,,,,,,,,,,,,,,,,,,,,,,,,,,,,,,,,,,,,,,,,,,,,TBBP03952,CCC1(O)CC2CN(CCc3c([nH]c4ccccc34)C(C(=O)OC)(c3cc4c(cc3OC)N(C)C3C(O)(C(=O)OC)C(OC(C)=O)C5(CC)C=CCN6CCC43C65)C2)C1,0.5097847358121331
Tinidazole,CCS(=O)(=O)CCn1c([N+](=O)[O-])cnc1C,T8433,CCCCCCCc1cc(=O)c2ccccc2n1O,0.5454545454545454,,,,,,,,,,NP-025310,CC(=O)c1cccn1CCCC(=O)O,0.6,,,,,,,,,,,,,,,,,,,T8115,Cc1coc2c1CCC(C)C2,0.5555555555555556,,,,,,,,,,,,,,,,,,,,,,,,,,,,,,,,,,,,,,,,,,,,,,,,,TN2301,CCC12CN3CCc4c([nH]c5ccccc45)C(C(=O)OC)(c4cc5c(cc4OC)N(C)C4C(O)(C(=O)OC)C(OC(C)=O)C6(CC)C=CCN7CCC54C76)CC(C3)C1O2,0.5097847358121331
Tinidazole,CCS(=O)(=O)CCn1c([N+](=O)[O-])cnc1C,T21499,Cc1ccc2c(c1)c1c(n2CCc2ccc(C)nc2)CCN(C)C1,0.5454545454545454,,,,,,,,,,NP-004763,Cn1c(=O)c2c(ncn2C)n(C)c1=O,0.6,,,,,,,,,,,,,,,,,,,T4731,Nc1ccn(C2CC(O)C(COP(=O)(O)O)O2)c(=O)n1,0.5555555555555556,,,,,,,,,,,,,,,,,,,,,,,,,,,,,,,,,,,,,,,,,,,,,,,,,T3S0209,CCC1(O)CC2CN(CCc3c([nH]c4ccccc34)C(C(=O)OC)(c3cc4c(cc3OC)N(C=O)C3C(O)(C(=O)OC)C(OC(C)=O)C5(CC)C=CCN6CCC43C65)C2)C1,0.5097847358121331
Tinidazole,CCS(=O)(=O)CCn1c([N+](=O)[O-])cnc1C,STOCK1N-01766,CCCc1ccc(C(=O)O)nc1,0.5454545454545454,,,,,,,,,,TCFN00448,CCC1(CC)C(=O)[N-]C(=O)NC1=O.[Na+],0.6,,,,,,,,,,,,,,,,,,,TCFN70292,Cc1coc2c1CCC(C)C2,0.5555555555555556,,,,,,,,,,,,,,,,,,,,,,,,,,,,,,,,,,,,,,,,,,,,,,,,,T1679,C=C(NC(=O)C(=C)NC(=O)c1csc(C2=NC3c4csc(n4)C4NC(=O)c5csc(n5)C(C(C)(O)C(C)O)NC(=O)C5CSC(=N5)C(=CC)NC(=O)C(C(C)O)NC(=O)c5csc(n5)C3(CC2)NC(=O)C(C)NC(=O)C(=C)NC(=O)C(C)NC(=O)C(C(C)CC)NC2C=Cc3c(C(C)O)cc(nc3C2O)C(=O)OC4C)n1)C(N)=O,0.509765625
Tinidazole,CCS(=O)(=O)CCn1c([N+](=O)[O-])cnc1C,STOCK1N-31747,Cn1c(=O)[nH]c2nncnc2c1=O,0.5454545454545454,,,,,,,,,,T15277,Cn1c(=O)c2ncnnc2n(C)c1=O,0.6,,,,,,,,,,,,,,,,,,,TN4655,C[N+]1([O-])CCCC1c1cccnc1,0.5517241379310345,,,,,,,,,,,,,,,,,,,,,,,,,,,,,,,,,,,,,,,,,,,,,,,,,NP-005245,COC1C2(O)C(=O)N3C=CC(C)(C)c4[nH]c5ccccc5c4C=C3C(=O)N2C23C(CO)C(C)(C)N2c2ccccc2C13O,0.509765625
Tinidazole,CCS(=O)(=O)CCn1c([N+](=O)[O-])cnc1C,STOCK1N-76883,Cn1c(=O)[nH]c(=O)c2[nH]cnc21,0.5454545454545454,,,,,,,,,,T0136,C[N+](C)(C)CCOP(=O)([O-])OP(=O)(O)OCC1OC(n2ccc(N)nc2=O)C(O)C1O,0.5957446808510638,,,,,,,,,,,,,,,,,,,NP-007994,CCCC(O)c1c(OC)cc(=O)oc1C,0.5483870967741935,,,,,,,,,,,,,,,,,,,,,,,,,,,,,,,,,,,,,,,,,,,,,,,,,NP-005289,COC1C2(O)C(=O)N3C=CC(C)(C)c4[nH]c5ccccc5c4C=C3C(=O)N2C23C(C)C(C)(C)N2c2ccccc2C13O,0.509765625
Tinidazole,CCS(=O)(=O)CCn1c([N+](=O)[O-])cnc1C,NP-025310,CC(=O)c1cccn1CCCC(=O)O,0.5454545454545454,,,,,,,,,,TCFN90099,CCCCCCCCc1ccc(C(=O)CC[N+](=O)[O-])cc1,0.5945945945945946,,,,,,,,,,,,,,,,,,,T7511,O=C1NC(Cc2cnc[nH]2)C(=O)N2CCCC12,0.5454545454545454,,,,,,,,,,,,,,,,,,,,,,,,,,,,,,,,,,,,,,,,,,,,,,,,,T11354,C=C(C)C1CCC2(C)CC1c1c(O)c3c(c(CC=C(C)C)c1O2)OC12C(=CC4CC1C(C)(C)OC2(CC=C(C)C(=O)O)C4=O)C3=O,0.5094715852442672
Tinidazole,CCS(=O)(=O)CCn1c([N+](=O)[O-])cnc1C,PDK0014,Cn1c(=O)[nH]c(=O)c2[nH]cnc21,0.5454545454545454,,,,,,,,,,NP-022999,C[N+](C)(C)CCOS(=O)(=O)[O-],0.5925925925925926,,,,,,,,,,,,,,,,,,,T22243,Cn1cncc1CC(NC(=O)CCN)C(=O)O,0.5454545454545454,,,,,,,,,,,,,,,,,,,,,,,,,,,,,,,,,,,,,,,,,,,,,,,,,TCFN95438,C=C(C)C1CCC2(C)CC1c1c(O)c3c(c(CC=C(C)C)c1O2)OC12C(=CC4CC1C(C)(C)OC2(CC=C(C)C(=O)O)C4=O)C3=O,0.5094715852442672
Tinidazole,CCS(=O)(=O)CCn1c([N+](=O)[O-])cnc1C,T0625,Cn1cnc2c1c(=O)[nH]c(=O)n2C,0.5454545454545454,,,,,,,,,,NP-019305,COC(=O)C=Cc1ncn(C)c1CC=C(C)CO,0.5882352941176471,,,,,,,,,,,,,,,,,,,T7457,Cc1cn(C2CC(O)C(CO)O2)c(=O)nc1N,0.5454545454545454,,,,,,,,,,,,,,,,,,,,,,,,,,,,,,,,,,,,,,,,,,,,,,,,,NP-022224,CCOC(=O)C1=CC2(CC)CCCN3CCc4c(n1c1ccccc41)C32,0.5094527363184079
Tinidazole,CCS(=O)(=O)CCn1c([N+](=O)[O-])cnc1C,T1083,Cn1c(=O)c2[nH]cnc2n(C)c1=O,0.5454545454545454,,,,,,,,,,TBBP03925,CCOC(=O)C(CC=C(C)C)CC1=CC(=O)OC1,0.5882352941176471,,,,,,,,,,,,,,,,,,,STOCK1N-01117,CC(=O)N1CC2CC(C1)c1cccc(=O)n1C2,0.5454545454545454,,,,,,,,,,,,,,,,,,,,,,,,,,,,,,,,,,,,,,,,,,,,,,,,,T0167,CCOC(=O)C1=CC2(CC)CCCN3CCc4c(n1c1ccccc41)C32,0.5094527363184079
Tinidazole,CCS(=O)(=O)CCn1c([N+](=O)[O-])cnc1C,T4601,COc1ccc2c3ccnc4ccc(=O)n(c2c1)c43,0.5454545454545454,,,,,,,,,,TCFN90006,CCCCCOC(=O)Nc1nc(=O)n(C2OC(C)C(O)C2O)cc1F,0.5853658536585366,,,,,,,,,,,,,,,,,,,AA-504/20841008,CC1=C2C(=O)OC(c3ccoc3)C2(C)CCC1,0.5454545454545454,,,,,,,,,,,,,,,,,,,,,,,,,,,,,,,,,,,,,,,,,,,,,,,,,NP-009233,CC1(C)C(=O)N2c3ccccc3C(O)(CC(C(=O)O)n3cnc4ccccc4c3=O)C2N1O,0.5093780848963475
Tinidazole,CCS(=O)(=O)CCn1c([N+](=O)[O-])cnc1C,TN1121,CCCCC=CCCCCCCCc1cc(=O)c2ccccc2n1C,0.5454545454545454,,,,,,,,,,T1208,C[N+](C)(C)CCOP(=O)([O-])OP(=O)([O-])OCC1OC(n2ccc(N)nc2=O)C(O)C1O.[Na+],0.5833333333333334,,,,,,,,,,,,,,,,,,,T4S0544,CC1=CC(=O)c2c(C)coc2CC(C)=CCC1,0.5454545454545454,,,,,,,,,,,,,,,,,,,,,,,,,,,,,,,,,,,,,,,,,,,,,,,,,NP-020174,CC1(C)C(=O)N2c3ccccc3C(O)(CC(C(=O)O)n3cnc4ccccc4c3=O)C2N1O,0.5093780848963475
Tinidazole,CCS(=O)(=O)CCn1c([N+](=O)[O-])cnc1C,NP-013242,CCCCCC=CCC=CCCCCCc1cc(=O)c2ccccc2n1C,0.5454545454545454,,,,,,,,,,T8226,CC(=O)CCc1ccc(OC(C)=O)cc1,0.5806451612903226,,,,,,,,,,,,,,,,,,,T6S0071,CC1=C2C(=O)OC(c3ccoc3)C2(C)CCC1,0.5454545454545454,,,,,,,,,,,,,,,,,,,,,,,,,,,,,,,,,,,,,,,,,,,,,,,,,TBBP01375,COc1ccc2c(c1OC)C13CC(=O)C(OC)C4(OC)OC2CC14N(C)C(=O)C3,0.5093411996066863
Tinidazole,CCS(=O)(=O)CCn1c([N+](=O)[O-])cnc1C,TN3013,COc1c(OC)c2nccc3c4ccccc4n(c1=O)c23,0.5454545454545454,,,,,,,,,,STOCK1N-34202,CN1C(=O)N(C)C2=NNC=NC2(O)C1=O,0.5806451612903226,,,,,,,,,,,,,,,,,,,TN6775,CC(=O)N1CC2CC(C1)c1cccc(=O)n1C2,0.5454545454545454,,,,,,,,,,,,,,,,,,,,,,,,,,,,,,,,,,,,,,,,,,,,,,,,,NP-019435,CC1NC2N(C1=O)c1ccccc1C21CC2C(=O)N(C)C(O1)c1nc3ccccc3c(=O)n12,0.5093228655544652
Tinidazole,CCS(=O)(=O)CCn1c([N+](=O)[O-])cnc1C,NP-024230,COc1cc2nccc3c4ccccc4n(c1=O)c23,0.5454545454545454,,,,,,,,,,STOCK1N-63855,CC(=O)CCc1ccc(OC(C)=O)cc1,0.5806451612903226,,,,,,,,,,,,,,,,,,,TN1159,COC1C=C(C)Cc2occ(C)c2C(=O)CC(C)C1,0.5428571428571428,,,,,,,,,,,,,,,,,,,,,,,,,,,,,,,,,,,,,,,,,,,,,,,,,NP-003875,COC(C(=O)C(O)C(C)O)C1Cc2cc3cc(OC4CC(OC5CC(O)C(OC(C)=O)C(C)O5)C(OC)C(C)O4)c(C)c(O)c3c(O)c2C(=O)C1OC1CC(OC2CC(OC3CC(C)(O)C(OC(=O)C(C)C)C(C)O3)C(O)C(C)O2)C(O)C(C)O1,0.5092975206611571
Tinidazole,CCS(=O)(=O)CCn1c([N+](=O)[O-])cnc1C,TN3020,COc1ccc2c3ccnc4c(OC)cc(=O)n(c2c1)c43,0.5454545454545454,,,,,,,,,,NP-003962,CCCCC(O)c1cc(OC)cc(=O)o1,0.5806451612903226,,,,,,,,,,,,,,,,,,,TN4219,CC(C)CC(=O)OCc1cocc2c(C=O)ccc1-2,0.5428571428571428,,,,,,,,,,,,,,,,,,,,,,,,,,,,,,,,,,,,,,,,,,,,,,,,,T22455,CCC1(O)CC2CN(CCc3c([nH]c4ccccc34)C(C(=O)OC)(c3cc4c(cc3OC)N(C)C3C(O)(C(N)=O)C(O)C5(CC)C=CCN6CCC43C65)C2)C1.O=S(=O)(O)O,0.509286412512219
Tinidazole,CCS(=O)(=O)CCn1c([N+](=O)[O-])cnc1C,TBBP03434,CCCCCCCCC=CCc1ccc2c(c1)c(=O)ccn2C,0.5454545454545454,,,,,,,,,,NP-006627,COc1cc(=O)oc(CCC(=O)O)c1C,0.5806451612903226,,,,,,,,,,,,,,,,,,,TCFN90055,CCOC(=O)C(N)Cc1ccc(O)c([N+](=O)[O-])c1.[Cl-].[H+],0.5428571428571428,,,,,,,,,,,,,,,,,,,,,,,,,,,,,,,,,,,,,,,,,,,,,,,,,STOCK1N-75293,CCC1(O)CC2CN(CCc3c([nH]c4ccccc34)C(C(=O)OC)(c3cc4c(cc3OC)N(C)C3C(O)(C(N)=O)C(O)C5(CC)C=CCN6CCC43C65)C2)C1.O=S(=O)(O)O,0.509286412512219
Tinidazole,CCS(=O)(=O)CCn1c([N+](=O)[O-])cnc1C,TN3307,COc1cc2c3ccnc4ccc(=O)n(c2cc1OC)c43,0.5454545454545454,,,,,,,,,,NP-007785,CCCCC(O)C1CC(OC)=CC(=O)O1,0.5806451612903226,,,,,,,,,,,,,,,,,,,T5654,CC(=O)c1c(C)c([N+](=O)[O-])c(C(C)(C)C)c([N+](=O)[O-])c1C,0.5405405405405406,,,,,,,,,,,,,,,,,,,,,,,,,,,,,,,,,,,,,,,,,,,,,,,,,AK-693/40962731,CCC1(O)C(=O)OCc2c1cc1n(c2=O)Cc2cc3c(OC)cccc3nc2-1,0.509
Tinidazole,CCS(=O)(=O)CCn1c([N+](=O)[O-])cnc1C,TN2965,CC(=O)c1cccc([N+](=O)[O-])c1,0.5454545454545454,,,,,,,,,,NP-007995,CCCCc1c(OC)cc(=O)oc1CO,0.5806451612903226,,,,,,,,,,,,,,,,,,,T13798,Cc1coc2c1C(=O)C(=O)c1c-2ccc2c1CCCC2=O,0.5405405405405406,,,,,,,,,,,,,,,,,,,,,,,,,,,,,,,,,,,,,,,,,,,,,,,,,T5S1952,CCC1(O)C(=O)OCc2c1cc1n(c2=O)Cc2cc3c(OC)cccc3nc2-1,0.509
Tinidazole,CCS(=O)(=O)CCn1c([N+](=O)[O-])cnc1C,TCFN90115,Cc1cc(C(=O)O)ccc1[N+](=O)[O-],0.5454545454545454,,,,,,,,,,NP-012315,CCCCCC1OC(=O)C(C)=C1C(=O)O,0.5806451612903226,,,,,,,,,,,,,,,,,,,TCS0324,CCCCCc1ccco1,0.5384615384615384,,,,,,,,,,,,,,,,,,,,,,,,,,,,,,,,,,,,,,,,,,,,,,,,,T4S1951,CCC1(O)C(=O)OCc2c1cc1n(c2=O)Cc2cc3cc(OC)ccc3nc2-1,0.509
Tinidazole,CCS(=O)(=O)CCn1c([N+](=O)[O-])cnc1C,T4934,Cn1cnc(CC(N)C(=O)O)c1,0.5384615384615384,,,,,,,,,,NP-024193,COc1cc(CCC(=O)O)oc(=O)c1C,0.5806451612903226,,,,,,,,,,,,,,,,,,,T8281,CS(=O)CCCCN=C=S,0.5384615384615384,,,,,,,,,,,,,,,,,,,,,,,,,,,,,,,,,,,,,,,,,,,,,,,,,T5784,CCC1(O)C(=O)OCc2c1cc1n(c2=O)Cc2cc3c(CN(C)C)c(O)ccc3nc2-1,0.5089641434262948
Tinidazole,CCS(=O)(=O)CCn1c([N+](=O)[O-])cnc1C,T8274,Cn1cncc1CC(N)C(=O)O,0.5384615384615384,,,,,,,,,,TN1858,CCCc1cc(=O)c2ccccc2n1C,0.5806451612903226,,,,,,,,,,,,,,,,,,,TQ0207,CS(=O)CCCCN=C=S,0.5384615384615384,,,,,,,,,,,,,,,,,,,,,,,,,,,,,,,,,,,,,,,,,,,,,,,,,T1174,CCC1(O)C(=O)OCc2c1cc1n(c2=O)Cc2cc3c(CN(C)C)c(O)ccc3nc2-1.Cl,0.5089641434262948
Tinidazole,CCS(=O)(=O)CCn1c([N+](=O)[O-])cnc1C,T0480,Cn1c(=O)c2c(ncn2CC2OCCO2)n(C)c1=O,0.5384615384615384,,,,,,,,,,TN4019,CCOC(=O)CCc1ccc(OC)cc1,0.5806451612903226,,,,,,,,,,,,,,,,,,,TN1214,COC1C=C(C)Cc2occ(C)c2C(=O)C(OC(C)=O)C(C)C1,0.5384615384615384,,,,,,,,,,,,,,,,,,,,,,,,,,,,,,,,,,,,,,,,,,,,,,,,,TCFN91962,O=C1C=C2OC(c3ccc(O)cc3)C3(O)C(=O)c4c(O)cc(O)cc4OC23C2=C1CC(O)C(c1ccc(O)cc1)O2,0.508893280632411
Tinidazole,CCS(=O)(=O)CCn1c([N+](=O)[O-])cnc1C,TQ0197,CC(=O)CC(c1ccc([N+](=O)[O-])cc1)c1c(O)c2ccccc2oc1=O,0.5384615384615384,,,,,,,,,,T19443L,CC(=O)NCCc1c[nH]cn1.CC(=O)O,0.5806451612903226,,,,,,,,,,,,,,,,,,,TCFN00252,O=Cc1ccn2c1CCC2,0.5384615384615384,,,,,,,,,,,,,,,,,,,,,,,,,,,,,,,,,,,,,,,,,,,,,,,,,TCFN91961,O=C1C=C2OC(c3ccc(O)cc3)C3(O)C(=O)c4c(O)cc(O)cc4OC23C2=C1CC(O)C(c1ccc(O)cc1)O2,0.508893280632411
Tinidazole,CCS(=O)(=O)CCn1c([N+](=O)[O-])cnc1C,NP-019305,COC(=O)C=Cc1ncn(C)c1CC=C(C)CO,0.5384615384615384,,,,,,,,,,STOCK1N-50572,CC(C)CC1NC(=O)N(CCc2c[nH]c3ccccc23)C1=O,0.5789473684210527,,,,,,,,,,,,,,,,,,,TCFN90094,CC(=O)OC1C(C)OC(n2cc(F)c(N)nc2=O)C1OC(C)=O,0.5384615384615384,,,,,,,,,,,,,,,,,,,,,,,,,,,,,,,,,,,,,,,,,,,,,,,,,TCFN91960,O=C1C=C2OC(c3ccc(O)cc3)C3(O)C(=O)c4c(O)cc(O)cc4OC23C2=C1CC(O)C(c1ccc(O)cc1)O2,0.508893280632411
Tinidazole,CCS(=O)(=O)CCn1c([N+](=O)[O-])cnc1C,T0937,Cc1cc2nc3c(=O)[nH]c(=O)nc-3n(CC(O)C(O)C(O)CO)c2cc1C,0.5384615384615384,,,,,,,,,,NP-020657,CCCCCCC1=C(C)C(=O)N(C(C(=O)O)C(C)CC)C1=O,0.5789473684210527,,,,,,,,,,,,,,,,,,,TN3202,CC=C(C)C(=O)OC1c2c(C)coc2C(=O)C23OC2CCC(C)C13C,0.5365853658536586,,,,,,,,,,,,,,,,,,,,,,,,,,,,,,,,,,,,,,,,,,,,,,,,,NP-011286,CC1CC(=O)C2=C3C(=O)c4cccc(O)c4C(O)C3(O)C(O)C3OC(=O)C4CCCN4C23C1,0.5088582677165354
Tinidazole,CCS(=O)(=O)CCn1c([N+](=O)[O-])cnc1C,TN2074,CCC1C(=O)OCC1Cc1cncn1C,0.5384615384615384,,,,,,,,,,T0543,Cn1cnc2[nH]c(=O)[nH]c(=O)c21,0.5714285714285714,,,,,,,,,,,,,,,,,,,TMA0394,COC(=O)C1(C)CCCc2c1ccc1c2C(=O)C(=O)c2c(C)coc2-1,0.5365853658536586,,,,,,,,,,,,,,,,,,,,,,,,,,,,,,,,,,,,,,,,,,,,,,,,,TN3857,COc1ccc2c(c1OC)C13CC(=O)N(C)C14CC2OC4(OC)C(OC)C(O)C3,0.5088582677165354
Tinidazole,CCS(=O)(=O)CCn1c([N+](=O)[O-])cnc1C,TCFN92317,CN(C)C(=O)OCc1ccc([N+](=O)[O-])cc1,0.5384615384615384,,,,,,,,,,T10021,Cn1c(=O)[nH]c2[nH]cnc2c1=O,0.5714285714285714,,,,,,,,,,,,,,,,,,,TCFN90006,CCCCCOC(=O)Nc1nc(=O)n(C2OC(C)C(O)C2O)cc1F,0.5365853658536586,,,,,,,,,,,,,,,,,,,,,,,,,,,,,,,,,,,,,,,,,,,,,,,,,TBBP01356,COc1ccc(C(=O)OC2CC34CC(=O)N(C)C35CC(OC5(OC)C2OC)c2ccc(OC)c(OC)c24)cc1OC,0.5088408644400786
Tinidazole,CCS(=O)(=O)CCn1c([N+](=O)[O-])cnc1C,TCFN92318,CCNC(=O)OCc1ccc([N+](=O)[O-])cc1,0.5384615384615384,,,,,,,,,,T8077,CCCCCC1=C(C)CCC1=O,0.5714285714285714,,,,,,,,,,,,,,,,,,,T8096,CCOC(=O)CCC(=O)OCC,0.5357142857142857,,,,,,,,,,,,,,,,,,,,,,,,,,,,,,,,,,,,,,,,,,,,,,,,,T6S2099,O=C1OC2C3COC(=O)c4cc(O)c(O)c(O)c4-c4c(cc(O)c(O)c4O)C(=O)OC2C(OC(=O)c2cc(O)c(O)c4c2C2C1=CC(=O)C(O)(O4)C2(O)O)C(OC(=O)c1cc(O)c(O)c(O)c1)O3,0.5088062622309197
Tinidazole,CCS(=O)(=O)CCn1c([N+](=O)[O-])cnc1C,TCFN90100,CCCCCCCCc1ccc(C(O)CC(CO)(CO)[N+](=O)[O-])cc1,0.5384615384615384,,,,,,,,,,T0480,Cn1c(=O)c2c(ncn2CC2OCCO2)n(C)c1=O,0.5714285714285714,,,,,,,,,,,,,,,,,,,NP-007987,C=c1oc(=O)cc(OC)c1=CCCC,0.5333333333333333,,,,,,,,,,,,,,,,,,,,,,,,,,,,,,,,,,,,,,,,,,,,,,,,,TN3008,O=C1C2=C(c3ccc(O)cc3)C=CC3=CC=C4OC5(O)C(=O)c6c(-c7ccc(O)cc7)ccc7ccc8c(c67)C5=C(C4C32)C1(O)O8,0.5088062622309197
Tinidazole,CCS(=O)(=O)CCn1c([N+](=O)[O-])cnc1C,T19083,Cn1cnc2c(ncn2C2OC(CO)C(O)C2O)c1=O,0.5384615384615384,,,,,,,,,,STOCK1N-01766,CCCc1ccc(C(=O)O)nc1,0.5714285714285714,,,,,,,,,,,,,,,,,,,NP-007996,CCC=Cc1c(OC)cc(=O)oc1C,0.5333333333333333,,,,,,,,,,,,,,,,,,,,,,,,,,,,,,,,,,,,,,,,,,,,,,,,,NP-021298,CC1NC(=O)C(CC2(O)c3ccccc3N3C(=O)C(C(C)C)NC32)n2c1nc1ccccc1c2=O,0.5083579154375615
Tinidazole,CCS(=O)(=O)CCn1c([N+](=O)[O-])cnc1C,T4860,CN1CC(=O)N=C1N.NCCc1c[nH]c2ccc(O)cc12.O.O=S(=O)(O)O,0.5333333333333333,,,,,,,,,,STOCK1N-76856,CC(=O)C1C(=O)C=C(C)OC1=O,0.5714285714285714,,,,,,,,,,,,,,,,,,,T5853,CCC1(O)C(=O)OCc2c1cc1n(c2=O)Cc2cc3c([N+](=O)[O-])cccc3nc2-1,0.5333333333333333,,,,,,,,,,,,,,,,,,,,,,,,,,,,,,,,,,,,,,,,,,,,,,,,,NP-007926,C=CC(C)(C)C12C=C(O)C(=O)N3C(=Cc4cnc[nH]4)C(=O)NC31N(OC)c1ccccc12,0.5083251714005876
Tinidazole,CCS(=O)(=O)CCn1c([N+](=O)[O-])cnc1C,T17199,CCCOc1ccc(S(=O)(=O)NCCC2CCCN2C)cc1-c1nc2c(CCC)nn(C)c2c(=O)[nH]1,0.5333333333333333,,,,,,,,,,STOCK1N-76883,Cn1c(=O)[nH]c(=O)c2[nH]cnc21,0.5714285714285714,,,,,,,,,,,,,,,,,,,TN1176,CCC1(O)C(=O)OCc2c1cc1n(c2=O)Cc2cc3cc([N+](=O)[O-])ccc3nc2-1,0.5333333333333333,,,,,,,,,,,,,,,,,,,,,,,,,,,,,,,,,,,,,,,,,,,,,,,,,NP-020180,COc1ccc(C(=O)OC2C=COC=C3C2N2C(=O)C4(OC)SSSSC2(C(=O)N4C)C3O)cc1Oc1cc(C=O)ccc1O,0.5083251714005876
Tinidazole,CCS(=O)(=O)CCn1c([N+](=O)[O-])cnc1C,STOCK1N-18333,COc1ccc2cc1Oc1ccc(cc1)CC1=NCCc3cc(OC)c(cc31)Oc1c(OC)c(OC)c(OC)c3c1C(C2)N(C)CC3.O=[N+]([O-])O,0.5333333333333333,,,,,,,,,,AG-205/05828007,COC(=O)CCC(=O)Nc1ccccc1C(=O)OC,0.5714285714285714,,,,,,,,,,,,,,,,,,,STOCK1N-78774,O=c1c2ccccc2nc2n1CCCCC2,0.53125,,,,,,,,,,,,,,,,,,,,,,,,,,,,,,,,,,,,,,,,,,,,,,,,,NP-009247,COC(C(=O)C(O)C(C)O)C1Cc2cc3cc(OC4CC(OC5CC(O)C(O)C(C)O5)C(OC)C(C)O4)c(C)c(O)c3c(O)c2C(=O)C1OC1CC(OC2CC(OC3CC(C)(O)C(O)C(C)O3)C(O)C(C)O2)C(O)C(C)O1,0.5083160083160083
Tinidazole,CCS(=O)(=O)CCn1c([N+](=O)[O-])cnc1C,,,,,,,,,,,,,PDK0014,Cn1c(=O)[nH]c(=O)c2[nH]cnc21,0.5714285714285714,,,,,,,,,,,,,,,,,,,NP-002165,Cc1c[nH]c(C(=O)OCCCC(N)=O)c1O,0.53125,,,,,,,,,,,,,,,,,,,,,,,,,,,,,,,,,,,,,,,,,,,,,,,,,TN3794,COc1ccc(C23Oc4cc(OC)cc(OC)c4C2(O)c2nc4n(c(=O)c2C3c2ccccc2)CCC4)cc1,0.5083088954056696
Tinidazole,CCS(=O)(=O)CCn1c([N+](=O)[O-])cnc1C,,,,,,,,,,,,,TN1174,CCCCCCCc1cc(=O)c2ccccc2n1C,0.5714285714285714,,,,,,,,,,,,,,,,,,,NP-022726,CCCCC(=O)c1ccccc1C(=O)OC,0.53125,,,,,,,,,,,,,,,,,,,,,,,,,,,,,,,,,,,,,,,,,,,,,,,,,TN2948,COc1cc(OC)c2c(c1)OC1(c3ccc(OC)c(O)c3)C(c3ccccc3)c3c(nc4n(c3=O)CCC4)C21O,0.5083088954056696
Tinidazole,CCS(=O)(=O)CCn1c([N+](=O)[O-])cnc1C,,,,,,,,,,,,,TN2965,CC(=O)c1cccc([N+](=O)[O-])c1,0.5714285714285714,,,,,,,,,,,,,,,,,,,TN7054,O=CN1CC2CC(C1)c1cccc(=O)n1C2,0.53125,,,,,,,,,,,,,,,,,,,,,,,,,,,,,,,,,,,,,,,,,,,,,,,,,TN2299,CCC1(O)CC2CN(CCc3c([nH]c4ccccc34)C(C(=O)OC)(c3cc4c(cc3OC)N(C)C3C(O)(C(N)=O)C(O)C5(CC)C=CCN6CCC43C65)C2)C1,0.5083088954056696
Tinidazole,CCS(=O)(=O)CCn1c([N+](=O)[O-])cnc1C,,,,,,,,,,,,,T21164,Cc1nn(-c2cc(NS(C)(=O)=O)c(Cl)cc2Cl)c(=O)n1C(F)F,0.5641025641025641,,,,,,,,,,,,,,,,,,,TCFN92318,CCNC(=O)OCc1ccc([N+](=O)[O-])cc1,0.53125,,,,,,,,,,,,,,,,,,,,,,,,,,,,,,,,,,,,,,,,,,,,,,,,,TN5234,CCC12C=CCN3CCC4(c5ccccc5N(C)C4C(O)(C(=O)OC)C1OC(C)=O)C32,0.5079522862823062
Tinidazole,CCS(=O)(=O)CCn1c([N+](=O)[O-])cnc1C,,,,,,,,,,,,,NP-000920,CCCCCCC1=C(C)C(=O)N(C(CCC(=O)O)C(=O)O)C1=O,0.5641025641025641,,,,,,,,,,,,,,,,,,,STOCK1N-31637,COC(=O)N1CC2CC(C1)c1cccc(=O)n1C2,0.5294117647058824,,,,,,,,,,,,,,,,,,,,,,,,,,,,,,,,,,,,,,,,,,,,,,,,,TCFN95451,O=C1C=C2c3c(cc(O)c4c3OC(c3ccc(O)c(O)c3)C(O)C4)OC23CC1(O)OC1Cc2c(O)cc(O)cc2OC13,0.5079522862823062
Tinidazole,CCS(=O)(=O)CCn1c([N+](=O)[O-])cnc1C,,,,,,,,,,,,,NP-020655,CCCCCCC1=C(C)C(=O)N(C(CCC(N)=O)C(=O)O)C1=O,0.5641025641025641,,,,,,,,,,,,,,,,,,,TN3771,CC1=C2C(=O)OC(c3ccoc3)C2(C)CCC1O,0.5294117647058824,,,,,,,,,,,,,,,,,,,,,,,,,,,,,,,,,,,,,,,,,,,,,,,,,T0967,CC(=O)NC1C(OC2c3ccc(c(Cl)c3)Oc3cc4cc(c3OC3OC(CO)C(O)C(O)C3N)Oc3ccc(cc3Cl)CC3NC(=O)C(N)c5ccc(O)c(c5)Oc5cc(O)cc(c5)C(NC3=O)C(=O)NC4C(=O)NC3C(=O)NC2C(=O)NC(C(=O)O)c2cc(O)cc(OC4OC(CO)C(O)C(O)C4O)c2-c2cc3ccc2O)OC(CO)C(O)C1O,0.5078895463510849
Tinidazole,CCS(=O)(=O)CCn1c([N+](=O)[O-])cnc1C,,,,,,,,,,,,,TBBP01615,CC1=CC(=CCCCN2CCCC2C2C=C(C)C(=O)O2)OC1=O,0.5641025641025641,,,,,,,,,,,,,,,,,,,TCFN92651,CC1=C2C(=O)c3c(C)coc3CC2(C)C(O)CC1,0.5294117647058824,,,,,,,,,,,,,,,,,,,,,,,,,,,,,,,,,,,,,,,,,,,,,,,,,NP-012307,C=CC(C)(C)C12CC3c4nc5ccccc5c(=O)n4C(C)C(=O)N3C1N(C(C)=O)c1ccccc12,0.5078585461689588
Tinidazole,CCS(=O)(=O)CCn1c([N+](=O)[O-])cnc1C,,,,,,,,,,,,,TN4734,CC1=CC(=CCCCN2CCCC2C2C=C(C)C(=O)O2)OC1=O,0.5641025641025641,,,,,,,,,,,,,,,,,,,NP-019180,COc1cc(C(C)(O)C2OC(=O)CC2C)oc(=O)c1C,0.5277777777777778,,,,,,,,,,,,,,,,,,,,,,,,,,,,,,,,,,,,,,,,,,,,,,,,,NP-021296,CC(C)C1C(=O)N2c3ccccc3C3(O)CC(n4cnc5ccccc5c4=O)C(=O)N1C23,0.5078585461689588
Tinidazole,CCS(=O)(=O)CCn1c([N+](=O)[O-])cnc1C,,,,,,,,,,,,,T0606,CCCCOC(=O)c1ccccc1C(=O)O,0.5625,,,,,,,,,,,,,,,,,,,NP-020362,COc1cc(C(C)(O)C2OC(=O)CC2C)oc(=O)c1C,0.5277777777777778,,,,,,,,,,,,,,,,,,,,,,,,,,,,,,,,,,,,,,,,,,,,,,,,,NP-021297,CC(C)C1C(=O)N2c3ccccc3C3(O)CC(n4cnc5ccccc5c4=O)C(=O)N1C23,0.5078585461689588
Tinidazole,CCS(=O)(=O)CCn1c([N+](=O)[O-])cnc1C,,,,,,,,,,,,,NP-002165,Cc1c[nH]c(C(=O)OCCCC(N)=O)c1O,0.5625,,,,,,,,,,,,,,,,,,,NP-020363,COc1cc(C(C)(O)C2OC(=O)CC2C)oc(=O)c1C,0.5277777777777778,,,,,,,,,,,,,,,,,,,,,,,,,,,,,,,,,,,,,,,,,,,,,,,,,NP-021299,CCC(C)C1C(=O)N2c3ccccc3C3(O)CC(n4cnc5ccccc5c4=O)C(=O)N1C23,0.5078585461689588
Tinidazole,CCS(=O)(=O)CCn1c([N+](=O)[O-])cnc1C,,,,,,,,,,,,,NP-019880,CC(=O)C(C)CCCCCC1C=CC(=O)O1,0.5625,,,,,,,,,,,,,,,,,,,T13923,Cc1ncc(C[n+]2csc(CCO)c2C)c(N)n1.O=[N+]([O-])[O-],0.5263157894736842,,,,,,,,,,,,,,,,,,,,,,,,,,,,,,,,,,,,,,,,,,,,,,,,,NP-021300,CCC(C)C1NC2N(C1=O)c1ccccc1C2(O)CC1C(=O)NC(C)c2nc3ccccc3c(=O)n21,0.5078585461689588
Tinidazole,CCS(=O)(=O)CCn1c([N+](=O)[O-])cnc1C,,,,,,,,,,,,,NP-021028,CCC(C)C1NC(=O)C(CC(=O)O)NC1=O,0.5625,,,,,,,,,,,,,,,,,,,STOCK1N-47655,Cc1coc2c1C(=O)C(=O)c1c-2ccc2c1CCCC2(C)C,0.5263157894736842,,,,,,,,,,,,,,,,,,,,,,,,,,,,,,,,,,,,,,,,,,,,,,,,,TBBP01386,COc1ccc2c(c1OC)C13CC(=O)N(C)C14CC2OC4(OC)C(OC)C(OC(=O)C=Cc1ccccc1)C3,0.5078585461689588
Tinidazole,CCS(=O)(=O)CCn1c([N+](=O)[O-])cnc1C,,,,,,,,,,,,,NP-024471,CCCCCc1c(O)cc(C(=O)O)oc1=O,0.5625,,,,,,,,,,,,,,,,,,,T2906,Cc1coc2c1C(=O)C(=O)c1c-2ccc2c1CCCC2(C)C,0.5263157894736842,,,,,,,,,,,,,,,,,,,,,,,,,,,,,,,,,,,,,,,,,,,,,,,,,T4952,CCC1(O)C(=O)OCc2c1cc1n(c2=O)Cc2cc3cc(O)ccc3nc2-1,0.5075225677031093
Tinidazole,CCS(=O)(=O)CCn1c([N+](=O)[O-])cnc1C,,,,,,,,,,,,,NP-024660,COc1cc(CCC(=O)O)oc(=O)c1CO,0.5625,,,,,,,,,,,,,,,,,,,T13740,Cc1coc2c1C(=O)c1ccc3c(c1C2=O)CCCC3(C)C,0.5263157894736842,,,,,,,,,,,,,,,,,,,,,,,,,,,,,,,,,,,,,,,,,,,,,,,,,T2764,CCC1(O)C(=O)OCc2c1cc1n(c2=O)Cc2cc3cc(O)ccc3nc2-1,0.5075225677031093
Tinidazole,CCS(=O)(=O)CCn1c([N+](=O)[O-])cnc1C,,,,,,,,,,,,,NP-024731,CCCCc1c(C)cc(C(=O)O)cc1OC,0.5625,,,,,,,,,,,,,,,,,,,TCFN90370,Cc1coc2c1C(=O)C(=O)c1c-2ccc2c1CCCC2(C)O,0.5263157894736842,,,,,,,,,,,,,,,,,,,,,,,,,,,,,,,,,,,,,,,,,,,,,,,,,T1521,CCC1(O)C(=O)OCc2c1cc1n(c2=O)Cc2cc3cc(O)ccc3nc2-1,0.5075225677031093
Tinidazole,CCS(=O)(=O)CCn1c([N+](=O)[O-])cnc1C,,,,,,,,,,,,,T4S0867,Cc1cc(O)c(C(=O)CCC(C)C)c(=O)o1,0.5625,,,,,,,,,,,,,,,,,,,TCFN92021,Cc1coc2c1C(=O)C(=O)c1c-2ccc2c1CCCC2(C)O,0.5263157894736842,,,,,,,,,,,,,,,,,,,,,,,,,,,,,,,,,,,,,,,,,,,,,,,,,TN2460,CCc1ccc(O)c2cc3c(nc12)-c1cc2c(c(=O)n1C3)COC(=O)C2(O)CC,0.5074925074925075
Tinidazole,CCS(=O)(=O)CCn1c([N+](=O)[O-])cnc1C,,,,,,,,,,,,,TN6982,CCOC(=O)c1ccccc1C(=O)OCC,0.5625,,,,,,,,,,,,,,,,,,,TN2365,CC1CC2OC(=O)C3=C2C(CCC3)C12CC(c1ccoc1)OC2=O,0.525,,,,,,,,,,,,,,,,,,,,,,,,,,,,,,,,,,,,,,,,,,,,,,,,,TN1176,CCC1(O)C(=O)OCc2c1cc1n(c2=O)Cc2cc3cc([N+](=O)[O-])ccc3nc2-1,0.5074775672981057
Tinidazole,CCS(=O)(=O)CCn1c([N+](=O)[O-])cnc1C,,,,,,,,,,,,,TBBP06316,CCCCOC(=O)c1c(C)cc(O)cc1O,0.5625,,,,,,,,,,,,,,,,,,,NP-016365,CC1CC2OC(=O)C3=C2C(CCC3)C12CC(c1ccoc1)OC2=O,0.525,,,,,,,,,,,,,,,,,,,,,,,,,,,,,,,,,,,,,,,,,,,,,,,,,NP-006190,COc1ccc(C=C2NC(=O)C34CC5(O)C(C=CC(O)C5ON3C2=O)O4)c(O)c1OC,0.5074478649453823
Tinidazole,CCS(=O)(=O)CCn1c([N+](=O)[O-])cnc1C,,,,,,,,,,,,,TCFN00022,CN(C)CCS(=O)(=O)O,0.56,,,,,,,,,,,,,,,,,,,TN4194,C=C1C(=O)c2occ(C)c2C(O)CC2OC2(C)CC1OC(=O)C(C)=CC,0.5238095238095238,,,,,,,,,,,,,,,,,,,,,,,,,,,,,,,,,,,,,,,,,,,,,,,,,TBBP06509,CC(C)=CCC12Oc3cc(O)ccc3C1(O)Oc1cc(O)c(C3=CC4(C)CC(C3)c3ccc(O)cc3O4)c(O)c1C2=O,0.5074331020812686
Tinidazole,CCS(=O)(=O)CCn1c([N+](=O)[O-])cnc1C,,,,,,,,,,,,,T4860,CN1CC(=O)N=C1N.NCCc1c[nH]c2ccc(O)cc12.O.O=S(=O)(O)O,0.5581395348837209,,,,,,,,,,,,,,,,,,,T8083,Cc1ncc(COP(=O)(O)O)c(C=O)c1O.O,0.5230769230769231,,,,,,,,,,,,,,,,,,,,,,,,,,,,,,,,,,,,,,,,,,,,,,,,,NP-021147,COC(=O)C1(C2CCC(=O)N2)CC(=O)c2c(cc3c(c2O)C2C=CC4(C3)C(=O)c3cc(C)cc(O)c3C(O)=C4C2=O)O1,0.5073891625615764
Tinidazole,CCS(=O)(=O)CCn1c([N+](=O)[O-])cnc1C,,,,,,,,,,,,,NP-005562,CC(C)CC(=O)NCCn1cc(C(=O)O)c(=O)cc1C(O)c1ccccc1,0.5581395348837209,,,,,,,,,,,,,,,,,,,T8273,CC(=O)CC(=O)CCC(=O)O,0.5185185185185185,,,,,,,,,,,,,,,,,,,,,,,,,,,,,,,,,,,,,,,,,,,,,,,,,T8641,CNC(CC(C)C)C(=O)NC1C(=O)NC(CC(N)=O)C(=O)NC2C(=O)NC3C(=O)NC(C(=O)NC(C(=O)O)c4cc(O)cc(O)c4-c4cc3ccc4O)C(O)c3ccc(c(Cl)c3)Oc3cc2cc(c3OC2OC(CO)C(O)C(O)C2OC2CC(C)(N)C(O)C(C)O2)Oc2ccc(cc2Cl)C1O,0.5069306930693069
Tinidazole,CCS(=O)(=O)CCn1c([N+](=O)[O-])cnc1C,,,,,,,,,,,,,T8319,CCCCOC(=O)c1ccccc1C(=O)OCC(C)C,0.5555555555555556,,,,,,,,,,,,,,,,,,,T5616,CCOC(=O)CC(=O)OCC,0.5185185185185185,,,,,,,,,,,,,,,,,,,,,,,,,,,,,,,,,,,,,,,,,,,,,,,,,NP-003957,CC(=O)OC(C)C1C(C)(O)CC(=O)C23OC12C(=O)c1ccc(-c2ccc4c(c2O)C(=O)c2c(O)cc(C)c(C(C)=O)c2C4=O)c(O)c1C3O,0.5069306930693069
Tinidazole,CCS(=O)(=O)CCn1c([N+](=O)[O-])cnc1C,,,,,,,,,,,,,NP-003111,CC1CC(=CCC(CC(N)=O)CC(=O)O)C(=O)C(C)C1,0.5555555555555556,,,,,,,,,,,,,,,,,,,T3S2381,CC(C)=CCCc1ccoc1,0.5185185185185185,,,,,,,,,,,,,,,,,,,,,,,,,,,,,,,,,,,,,,,,,,,,,,,,,T0832,CNC(CC(C)C)C(=O)NC1C(=O)NC(CC(N)=O)C(=O)NC2C(=O)NC3C(=O)NC(C(=O)NC(C(=O)O)c4cc(O)cc(O)c4-c4cc3ccc4O)C(O)c3ccc(c(Cl)c3)Oc3cc2cc(c3OC2OC(CO)C(O)C(O)C2OC2CC(C)(N)C(O)C(C)O2)Oc2ccc(cc2Cl)C1O.Cl,0.5069306930693069
Tinidazole,CCS(=O)(=O)CCn1c([N+](=O)[O-])cnc1C,,,,,,,,,,,,,NP-019995,CC=CCCCCC(=O)C(C)C(=O)N1CCC(Cl)C1=O,0.5555555555555556,,,,,,,,,,,,,,,,,,,TCFN00296,O=C1CCn2ccc(CO)c21,0.5185185185185185,,,,,,,,,,,,,,,,,,,,,,,,,,,,,,,,,,,,,,,,,,,,,,,,,T3356,Cc1c2oc3c(C)ccc(C(=O)NC4C(=O)NC(C(C)C)C(=O)N5CCCC5C(=O)N(C)CC(=O)N(C)C(C(C)C)C(=O)OC4C)c3nc-2c(C(=O)NC2C(=O)NC(C(C)C)C(=O)N3CCCC3C(=O)N(C)CC(=O)N(C)C(C(C)C)C(=O)OC2C)c(N)c1=O,0.5069033530571992
Tinidazole,CCS(=O)(=O)CCn1c([N+](=O)[O-])cnc1C,,,,,,,,,,,,,TN1162,CCCCOC(=O)c1ccccc1C(=O)OCCCC,0.5555555555555556,,,,,,,,,,,,,,,,,,,NP-024736,CCCC(O)c1ccc(=O)oc1C,0.5172413793103449,,,,,,,,,,,,,,,,,,,,,,,,,,,,,,,,,,,,,,,,,,,,,,,,,TCFN95260,O=C(OC1OC2COC(=O)c3cc(O)c(O)c(O)c3-c3c(cc(O)c(O)c3O)C(=O)OC3C2OC(=O)C2(O)CC(O)C4(O)Oc5c(O)c(O)cc(c5C24)C(=O)OC13)c1cc(O)c(O)c(O)c1,0.5069033530571992
Tinidazole,CCS(=O)(=O)CCn1c([N+](=O)[O-])cnc1C,,,,,,,,,,,,,TCFN90074,C[S+](CCC(N)C(=O)O)CC1OC(n2cnc3c(N)ncnc32)C(O)C1O.Cc1ccc(S(=O)(=O)[O-])cc1,0.5555555555555556,,,,,,,,,,,,,,,,,,,T8226,CC(=O)CCc1ccc(OC(C)=O)cc1,0.5161290322580645,,,,,,,,,,,,,,,,,,,,,,,,,,,,,,,,,,,,,,,,,,,,,,,,,NP-003323,CC1NC2N(C1=O)c1ccccc1C2(O)CC1C(=O)NC(C)c2nc3ccccc3c(=O)n21,0.5068897637795275
Tinidazole,CCS(=O)(=O)CCn1c([N+](=O)[O-])cnc1C,,,,,,,,,,,,,TCFN90025,CS(=O)(=O)OCCOc1ccccc1OCC(F)(F)F,0.5555555555555556,,,,,,,,,,,,,,,,,,,STOCK1N-08381,O=c1c2ccccc2nc2n1CCCC2,0.5161290322580645,,,,,,,,,,,,,,,,,,,,,,,,,,,,,,,,,,,,,,,,,,,,,,,,,T2S0271,CC=C1CN(C)C2Cc3c([nH]c4ccccc34)C(c3cc4[nH]c5c(c4cc3OC)CCN3CC4CC(CC)C3C5(C(=O)OC)C4)CC1C2C(=O)OC,0.5068897637795275
Tinidazole,CCS(=O)(=O)CCn1c([N+](=O)[O-])cnc1C,,,,,,,,,,,,,TCFN90055,CCOC(=O)C(N)Cc1ccc(O)c([N+](=O)[O-])c1.[Cl-].[H+],0.5555555555555556,,,,,,,,,,,,,,,,,,,STOCK1N-63855,CC(=O)CCc1ccc(OC(C)=O)cc1,0.5161290322580645,,,,,,,,,,,,,,,,,,,,,,,,,,,,,,,,,,,,,,,,,,,,,,,,,NP-018963,CC(C)CC1C(=O)N2c3ccccc3C3(O)CC(n4cnc5ccccc5c4=O)C(=O)N1C23,0.5068762278978389
Tinidazole,CCS(=O)(=O)CCn1c([N+](=O)[O-])cnc1C,,,,,,,,,,,,,T31429,CCCCOC(=O)c1ccc(C(=O)OCCCC)cc1,0.5555555555555556,,,,,,,,,,,,,,,,,,,NP-003962,CCCCC(O)c1cc(OC)cc(=O)o1,0.5161290322580645,,,,,,,,,,,,,,,,,,,,,,,,,,,,,,,,,,,,,,,,,,,,,,,,,NP-005220,C=CC(C)(C)C12Nc3c(ccc4c3OC(C)(C)C=C4)C1(O)CC1C(=O)N3CCCC3C(=O)N12,0.5068627450980392
Tinidazole,CCS(=O)(=O)CCn1c([N+](=O)[O-])cnc1C,,,,,,,,,,,,,TCFN90095,CCCCCOC(=O)Nc1nc(=O)n(C2OC(C)C(OC(C)=O)C2OC(C)=O)cc1F,0.5531914893617021,,,,,,,,,,,,,,,,,,,NP-007995,CCCCc1c(OC)cc(=O)oc1CO,0.5161290322580645,,,,,,,,,,,,,,,,,,,,,,,,,,,,,,,,,,,,,,,,,,,,,,,,,T1286,CCC12CCCN3CCc4c(n(c5ccccc45)C(O)(C(=O)OC)C1)C32,0.5064805583250249
Tinidazole,CCS(=O)(=O)CCn1c([N+](=O)[O-])cnc1C,,,,,,,,,,,,,STOCK1N-31747,Cn1c(=O)[nH]c2nncnc2c1=O,0.5517241379310345,,,,,,,,,,,,,,,,,,,NP-025259,COc1cc(C(C)CCO)oc(=O)c1C,0.5161290322580645,,,,,,,,,,,,,,,,,,,,,,,,,,,,,,,,,,,,,,,,,,,,,,,,,TBBP06248,COc1c(CC=C(C)C)c2c(c(O)c1C(C)=O)C(CC(C)C)C1C(=O)C(C(C)=O)=C3OC(C(C)(C)O)CC3(O)C1(O)O2,0.5064805583250249
Tinidazole,CCS(=O)(=O)CCn1c([N+](=O)[O-])cnc1C,,,,,,,,,,,,,NP-012620,CCCCc1occ2c1C(=O)OC2,0.5517241379310345,,,,,,,,,,,,,,,,,,,TCFN00177,Cc1coc2c(c1=O)C1CCC(C2)N1C,0.5161290322580645,,,,,,,,,,,,,,,,,,,,,,,,,,,,,,,,,,,,,,,,,,,,,,,,,TN3360,CCC(C)C(=O)NC1CCCN1C(=O)C1C(c2ccccc2)C2(c3ccc(OC)cc3)Oc3cc(OC)cc(OC)c3C1(O)C2O,0.506454816285998
Tinidazole,CCS(=O)(=O)CCn1c([N+](=O)[O-])cnc1C,,,,,,,,,,,,,NP-023183,CCCCc1ccc(=O)oc1CO,0.5517241379310345,,,,,,,,,,,,,,,,,,,STOCK1N-93751,Cc1cn(C2CC(O)C(CO)O2)c(=O)[nH]c1=O,0.5151515151515151,,,,,,,,,,,,,,,,,,,,,,,,,,,,,,,,,,,,,,,,,,,,,,,,,TN3359,CCC(C)C(=O)NC1CCCN1C(=O)C1C(c2ccccc2)C2(c3ccc(OC)cc3)Oc3cc(OC)cc(OC)c3C1(O)C2O,0.506454816285998
Tinidazole,CCS(=O)(=O)CCn1c([N+](=O)[O-])cnc1C,,,,,,,,,,,,,NP-024736,CCCC(O)c1ccc(=O)oc1C,0.5517241379310345,,,,,,,,,,,,,,,,,,,NP-024381,CCC1(C)C(=O)C=Cc2c1oc(C)c(C)c2=O,0.5151515151515151,,,,,,,,,,,,,,,,,,,,,,,,,,,,,,,,,,,,,,,,,,,,,,,,,T6228,CCc1c2c(nc3ccc(OC(=O)N4CCC(N5CCCCC5)CC4)cc13)-c1cc3c(c(=O)n1C2)COC(=O)C3(O)CC,0.5064039408866995
Tinidazole,CCS(=O)(=O)CCn1c([N+](=O)[O-])cnc1C,,,,,,,,,,,,,Fr12339,COc1ccc(CCC(C)=O)cc1,0.5517241379310345,,,,,,,,,,,,,,,,,,,NP-024698,Cc1cc(O)c(C(=O)C(=O)CC(C)C)c(=O)[nH]1,0.5151515151515151,,,,,,,,,,,,,,,,,,,,,,,,,,,,,,,,,,,,,,,,,,,,,,,,,T0486,CCc1c2c(nc3ccc(OC(=O)N4CCC(N5CCCCC5)CC4)cc13)-c1cc3c(c(=O)n1C2)COC(=O)C3(O)CC.Cl.O.O.O,0.5064039408866995
Tinidazole,CCS(=O)(=O)CCn1c([N+](=O)[O-])cnc1C,,,,,,,,,,,,,TCFN91738,COCc1c(CO)cnc(C)c1O,0.5517241379310345,,,,,,,,,,,,,,,,,,,NP-025364,CCCC1OCc2c(OC)cc(=O)oc2C1O,0.5151515151515151,,,,,,,,,,,,,,,,,,,,,,,,,,,,,,,,,,,,,,,,,,,,,,,,,T0486L,CCc1c2c(nc3ccc(OC(=O)N4CCC(N5CCCCC5)CC4)cc13)-c1cc3c(c(=O)n1C2)COC(=O)C3(O)CC.Cl,0.5064039408866995
Tinidazole,CCS(=O)(=O)CCn1c([N+](=O)[O-])cnc1C,,,,,,,,,,,,,TCFN90115,Cc1cc(C(=O)O)ccc1[N+](=O)[O-],0.5517241379310345,,,,,,,,,,,,,,,,,,,NP-025366,CCCC1OCc2c(OC)cc(=O)oc2C1O,0.5151515151515151,,,,,,,,,,,,,,,,,,,,,,,,,,,,,,,,,,,,,,,,,,,,,,,,,TN3696,CC=C1CN(C)C2Cc3c([nH]c4ccccc34)C(c3c(OC)ccc4c5c([nH]c34)C3(C(=O)OC)CC4CC(CC)C3N(CC5)C4)CC1C2C(=O)OC,0.5064039408866995
Tinidazole,CCS(=O)(=O)CCn1c([N+](=O)[O-])cnc1C,,,,,,,,,,,,,T0958,CC1(C)SC2C(NC(=O)Cc3ccccc3)C(=O)N2C1C(=O)[O-].[Na+],0.55,,,,,,,,,,,,,,,,,,,TWP2911,Cc1cn(C2CC(O)C(CO)O2)c(=O)[nH]c1=O,0.5151515151515151,,,,,,,,,,,,,,,,,,,,,,,,,,,,,,,,,,,,,,,,,,,,,,,,,T1703,CCc1c2c(nc3ccc(O)cc13)-c1cc3c(c(=O)n1C2)COC(=O)C3(O)CC,0.5059642147117296
Tinidazole,CCS(=O)(=O)CCn1c([N+](=O)[O-])cnc1C,,,,,,,,,,,,,T5602,CC1(C)SC2C(NC(=O)Cc3ccccc3)C(=O)N2C1C(=O)[O-].[K+],0.55,,,,,,,,,,,,,,,,,,,TN1963,Cc1cc2occ(C)c2c2c1C(=O)CC(C)C2,0.5151515151515151,,,,,,,,,,,,,,,,,,,,,,,,,,,,,,,,,,,,,,,,,,,,,,,,,STOCK1N-54066,COC1=CC=C2C3Cc4ccc(OC)c5c4C2(CCN3C)C1O5.Cl,0.505940594059406
Tinidazole,CCS(=O)(=O)CCn1c([N+](=O)[O-])cnc1C,,,,,,,,,,,,,N099-0006,O=[N+]([O-])c1cccc(S(=O)(=O)N2CCCCC2c2cccnc2)c1,0.55,,,,,,,,,,,,,,,,,,,T0480,Cn1c(=O)c2c(ncn2CC2OCCO2)n(C)c1=O,0.5142857142857142,,,,,,,,,,,,,,,,,,,,,,,,,,,,,,,,,,,,,,,,,,,,,,,,,STOCK1N-69417,COC1=CC=C2C3Cc4ccc(OC)c5c4C2(CCN3C)C1O5.Cl,0.505940594059406
Tinidazole,CCS(=O)(=O)CCn1c([N+](=O)[O-])cnc1C,,,,,,,,,,,,,NP-006769,CCC(C)CC(=O)OC1C(=O)C(CO)=CC(OC(C)=O)C1C(C)C,0.55,,,,,,,,,,,,,,,,,,,TN1350,COc1c(C)c2c(c3c(C)coc13)CC(C)CC2=O,0.5142857142857142,,,,,,,,,,,,,,,,,,,,,,,,,,,,,,,,,,,,,,,,,,,,,,,,,STOCK1N-93472,COC1=CC=C2C3Cc4ccc(OC)c5c4C2(CCN3C)C1O5,0.505940594059406
Tinidazole,CCS(=O)(=O)CCn1c([N+](=O)[O-])cnc1C,,,,,,,,,,,,,NP-020656,CCCCCCC1=C(CC(=O)O)C(=O)N(C(C(=O)O)C(C)C)C1=O,0.55,,,,,,,,,,,,,,,,,,,TN3731,Cc1coc2c1C(=O)C1C(C)(O)CCC(O)C1(C)C2,0.5142857142857142,,,,,,,,,,,,,,,,,,,,,,,,,,,,,,,,,,,,,,,,,,,,,,,,,STOCK1N-53963,COC(=O)C1NC(=O)C2NC(=O)C(NC(=O)C3NC(=O)C4NC(=O)C(NC(=O)C(N)c5ccc(O)c(c5)Oc5cc4cc(O)c5C)C(O)c4ccc(cc4)Oc4cc3cc(c4OC3OC(COC4OC(C)C(O)C(O)C4O)C(O)C(O)C3OC3OC(CO)C(O)C(O)C3OC3OC(CO)C(O)C3O)Oc3ccc(cc3)C2OC2CC(N)C(O)C(C)O2)c2ccc(O)c(c2)-c2c(OC3OC(CO)C(O)C(O)C3O)cc(O)cc21,0.5059171597633136
Tinidazole,CCS(=O)(=O)CCn1c([N+](=O)[O-])cnc1C,,,,,,,,,,,,,NP-021031,CCCCCCC1=C(CC(=O)OC)C(=O)N(CCCC(=O)O)C1=O,0.55,,,,,,,,,,,,,,,,,,,TCFN92619,Cc1coc2c1C(=O)C1C(C)(O)CCC(O)C1(C)C2,0.5142857142857142,,,,,,,,,,,,,,,,,,,,,,,,,,,,,,,,,,,,,,,,,,,,,,,,,T6803,CN1C(=O)C23CC4(C56CC78SSC(CO)(C(=O)N7C5Nc5ccccc56)N(C)C8=O)c5ccccc5NC4N2C(=O)C1(CO)SS3,0.5059055118110236
Tinidazole,CCS(=O)(=O)CCn1c([N+](=O)[O-])cnc1C,,,,,,,,,,,,,NP-024718,CCCC(NC(CCC(N)=O)C(=O)O)c1c(OC)cc(=O)oc1C,0.55,,,,,,,,,,,,,,,,,,,TCFN95219,C=C1C=CC(OC)C(C)CC(=O)c2c(C)coc2C1,0.5142857142857142,,,,,,,,,,,,,,,,,,,,,,,,,,,,,,,,,,,,,,,,,,,,,,,,,NP-018999,C=CC(C)(C)C12C=C(OC)C(=O)N3C(C(C)C)C(=O)NC31N(OC)c1ccccc12,0.5058939096267191
Tinidazole,CCS(=O)(=O)CCn1c([N+](=O)[O-])cnc1C,,,,,,,,,,,,,NP-024720,CCCC(NC(CCC(N)=O)C(=O)O)c1c(OC)cc(=O)oc1C,0.55,,,,,,,,,,,,,,,,,,,TCFN95220,COC1CC(C)C2c3occ(C)c3C(=O)C=C(C)C12,0.5142857142857142,,,,,,,,,,,,,,,,,,,,,,,,,,,,,,,,,,,,,,,,,,,,,,,,,T13624,CCC12CC(C(=O)OC)=C3Nc4cc5c(cc4C34CCN(CC3OC31)C42)C1C(O5)C(O)C2(CC)CC(C(=O)OC)=C3Nc4c(cc(O)c(OC)c4OC)C34CCN1C42,0.5058708414872799
Tinidazole,CCS(=O)(=O)CCn1c([N+](=O)[O-])cnc1C,,,,,,,,,,,,,NP-000792,CCCC(=O)c1c(OC)cc(O)c(CC)c1O,0.5454545454545454,,,,,,,,,,,,,,,,,,,NP-007991,CCCC(SCC(O)C(=O)O)c1c(OC)cc(=O)oc1C,0.5135135135135135,,,,,,,,,,,,,,,,,,,,,,,,,,,,,,,,,,,,,,,,,,,,,,,,,TN4826,COC(=O)C12C(=O)c3ccccc3C(O)(C3=C1C(=O)c1ccccc1C3=O)C21C=CC(C)(C)O1,0.5058708414872799
Tinidazole,CCS(=O)(=O)CCn1c([N+](=O)[O-])cnc1C,,,,,,,,,,,,,NP-012567,CCOC(=O)Cc1cc(O)cc(O)c1C(C)=O,0.5454545454545454,,,,,,,,,,,,,,,,,,,TMO2752,Nc1ccn(C2OC(COP(=O)(O)O)C(O)C2O)c(=O)n1,0.5135135135135135,,,,,,,,,,,,,,,,,,,,,,,,,,,,,,,,,,,,,,,,,,,,,,,,,NP-014521,COC(=O)CC1OC(C)C2=C(C(=O)c3c(O)c4c(c(O)c3C2=O)C2(O)C(C)OC4CC2OC2CCC(O)C(C)O2)C1O,0.5054835493519442
Tinidazole,CCS(=O)(=O)CCn1c([N+](=O)[O-])cnc1C,,,,,,,,,,,,,NP-024698,Cc1cc(O)c(C(=O)C(=O)CC(C)C)c(=O)[nH]1,0.5454545454545454,,,,,,,,,,,,,,,,,,,TN1930,C=C1CCCc2c1ccc1c2C(=O)C(=O)c2c(C)coc2-1,0.5135135135135135,,,,,,,,,,,,,,,,,,,,,,,,,,,,,,,,,,,,,,,,,,,,,,,,,TN3361,CCC(C)(O)C(=O)NC1CCCN1C(=O)C1C(c2ccccc2)C2(O)c3c(OC)cc(OC)cc3OC1(c1ccc(OC)cc1)C2O,0.5054401582591493
Tinidazole,CCS(=O)(=O)CCn1c([N+](=O)[O-])cnc1C,,,,,,,,,,,,,NP-024729,COc1cc(C(=O)O)cc(C)c1CCCCO,0.5454545454545454,,,,,,,,,,,,,,,,,,,TN2485,CC1=CCCc2c1ccc1c2C(=O)C(=O)c2c(C)coc2-1,0.5135135135135135,,,,,,,,,,,,,,,,,,,,,,,,,,,,,,,,,,,,,,,,,,,,,,,,,TN5170,CCC=CC(OC(C)=O)C(OC(C)=O)C1=C(C)C(=O)C2(O1)C(=O)NC(OC)(C(=O)c1ccccc1)C2OC(C)=O,0.5054080629301868
Tinidazole,CCS(=O)(=O)CCn1c([N+](=O)[O-])cnc1C,,,,,,,,,,,,,NP-024730,COc1cc(C(=O)O)cc(C)c1CCC(C)=O,0.5454545454545454,,,,,,,,,,,,,,,,,,,TCFN90099,CCCCCCCCc1ccc(C(=O)CC[N+](=O)[O-])cc1,0.5135135135135135,,,,,,,,,,,,,,,,,,,,,,,,,,,,,,,,,,,,,,,,,,,,,,,,,T0281,C=C1c2c(Cl)ccc(O)c2C(=O)C2=C(O)C3(O)C(=O)C(C(N)=O)=C(O)C(N(C)C)C3C(O)C12.O=C(O)c1cc(S(=O)(=O)O)ccc1O,0.5053974484789009
Tinidazole,CCS(=O)(=O)CCn1c([N+](=O)[O-])cnc1C,,,,,,,,,,,,,TN4736,COn1cc(CCC(C)CO)c2ccccc21,0.5454545454545454,,,,,,,,,,,,,,,,,,,STOCK1N-70298,O=c1cccc2n1CC1CC2CN(C(=S)Nc2cccnc2)C1,0.5128205128205128,,,,,,,,,,,,,,,,,,,,,,,,,,,,,,,,,,,,,,,,,,,,,,,,,T2S1464,COc1c(OC2OC(CO)C(O)C(O)C2O)cc2c(c1OC)-c1ccc(SC)c(=O)cc1C(NC(C)=O)CC2,0.5051975051975052
Tinidazole,CCS(=O)(=O)CCn1c([N+](=O)[O-])cnc1C,,,,,,,,,,,,,TCFN90070,COc1cc(CC(=O)O)ccc1OS(=O)(=O)O,0.5454545454545454,,,,,,,,,,,,,,,,,,,NP-009757,COc1c2cccc(C)c2c(C=O)c2c(COC(C)=O)coc12,0.5128205128205128,,,,,,,,,,,,,,,,,,,,,,,,,,,,,,,,,,,,,,,,,,,,,,,,,STOCK1N-03508,COC(C(=O)C(O)C(C)O)C1Cc2cc3cc(OC4CC(OC(C)=O)C(OC5CC(O)C(OC)C(C)O5)C(C)O4)cc(O)c3c(O)c2C(=O)C1OC1CC(OC2CC(OC3CC(C)(O)C(OC(=O)C(C)C)C(C)O3)C(O)C(C)O2)C(O)C(C)O1,0.5051652892561983
Tinidazole,CCS(=O)(=O)CCn1c([N+](=O)[O-])cnc1C,,,,,,,,,,,,,TCFN92617,CC(=O)CCC1=CCC(=C(C)C)C(=O)CC1C,0.5454545454545454,,,,,,,,,,,,,,,,,,,TN2257,Cc1coc2c1C(=O)C(=O)c1c-2ccc2c1CCCC2(C)CO,0.5128205128205128,,,,,,,,,,,,,,,,,,,,,,,,,,,,,,,,,,,,,,,,,,,,,,,,,TN1026,CN1CCC23C(=O)CC4C(=CCOC5CC(=O)N(c6c(O)cccc62)C3C54)C1,0.505
Tinidazole,CCS(=O)(=O)CCn1c([N+](=O)[O-])cnc1C,,,,,,,,,,,,,TCFN94479,CCN(CC)CCOC(=O)c1ccc(N)cc1,0.5454545454545454,,,,,,,,,,,,,,,,,,,TN4239,Cc1coc2c1C(=O)C(=O)c1c-2ccc2c1C(O)CCC2(C)C,0.5128205128205128,,,,,,,,,,,,,,,,,,,,,,,,,,,,,,,,,,,,,,,,,,,,,,,,,NP-003903,O=C1c2c(O)cc(O)cc2OC(c2ccc(O)cc2)C1c1c(OC2OC(CO)C(O)C(O)C2O)cc(O)c2c(=O)cc(-c3ccc(O)c(O)c3)oc12,0.5049800796812749
Tinidazole,CCS(=O)(=O)CCn1c([N+](=O)[O-])cnc1C,,,,,,,,,,,,,TCFN80185,Cc1cc2c(c(C)c1CCO)C(=O)C(CO)C2,0.5454545454545454,,,,,,,,,,,,,,,,,,,NP-009771,CC1CCC2(C)C3(C)CCC2(OC3=O)C12CC(c1ccoc1)OC2=O,0.5121951219512195,,,,,,,,,,,,,,,,,,,,,,,,,,,,,,,,,,,,,,,,,,,,,,,,,T5067,Cc1cc2nc3c(=O)[nH]c(=O)nc-3n(CC(O)C(O)C(O)COP(=O)([O-])OP(=O)([O-])OCC3OC(n4cnc5c(N)ncnc54)C(O)C3O)c2cc1C.[Na+].[Na+],0.5049701789264414
Tinidazole,CCS(=O)(=O)CCn1c([N+](=O)[O-])cnc1C,,,,,,,,,,,,,TCFN70482,CCOc1cc(OCC)c(C=O)c(OCC)c1,0.5454545454545454,,,,,,,,,,,,,,,,,,,NP-015737,CC1CC2(O)OC(=O)C3=C2C(CCC3)C12CC(c1ccoc1)OC2=O,0.5121951219512195,,,,,,,,,,,,,,,,,,,,,,,,,,,,,,,,,,,,,,,,,,,,,,,,,T5853,CCC1(O)C(=O)OCc2c1cc1n(c2=O)Cc2cc3c([N+](=O)[O-])cccc3nc2-1,0.5049701789264414
Tinidazole,CCS(=O)(=O)CCn1c([N+](=O)[O-])cnc1C,,,,,,,,,,,,,T36850,CCOC(=O)Cc1cc(O)cc(O)c1C(C)=O,0.5454545454545454,,,,,,,,,,,,,,,,,,,T4S0790,CC12CC(c3ccoc3)OC13CC(OC3=O)C1C3CC(CC12)OC3=O,0.5121951219512195,,,,,,,,,,,,,,,,,,,,,,,,,,,,,,,,,,,,,,,,,,,,,,,,,NP-016611,COc1c(O)c2c3c(c(O)c(C)cc3c1C(C)C)C13OC(C(C)C)(C1=O)c1cc(C)c(O)cc1C3(C)C2,0.504950495049505
Tinidazole,CCS(=O)(=O)CCn1c([N+](=O)[O-])cnc1C,,,,,,,,,,,,,T1331,Cc1cc2nc3c(=O)[nH]c(=O)nc-3n(CC(O)C(O)C(O)COP(=O)([O-])O)c2cc1C.[Na+],0.5416666666666666,,,,,,,,,,,,,,,,,,,NP-010126,CC1C(O)C2OC(=O)C3=C2C(CCC3)C12CC(c1ccoc1)OC2=O,0.5121951219512195,,,,,,,,,,,,,,,,,,,,,,,,,,,,,,,,,,,,,,,,,,,,,,,,,TN1957,CC12CC(c3ccc(O)cc3O1)C13OC1(c1ccc(O)cc1O)Oc1cc(-c4cc5ccc(O)cc5o4)cc(O)c1C3C2=O,0.504930966469428
Tinidazole,CCS(=O)(=O)CCn1c([N+](=O)[O-])cnc1C,,,,,,,,,,,,,NP-005521,COc1cc(C(C)=CC(C)CCCC(=O)O)oc(=O)c1C,0.5405405405405406,,,,,,,,,,,,,,,,,,,TN3872,CC12CC(c3ccoc3)OC(=O)C1CC(=O)C1C3CC(CC12)OC3=O,0.5121951219512195,,,,,,,,,,,,,,,,,,,,,,,,,,,,,,,,,,,,,,,,,,,,,,,,,T21498,CC(=O)C(NC(=O)C(C)C(O)C(=O)C(NC(=O)c1cc(N)nc(C(CC(=N)N)NCC(N)C(N)=O)n1)C(OC1(OC2OC(CO)C(O)C(O)(C(N)=O)C2O)OC(CO)C(O)C(O)C1C)c1c[nH]cn1)C(=O)NCCC1=NC(c2nc(C(N)=O)cs2)CS1,0.5049212598425197
Tinidazole,CCS(=O)(=O)CCn1c([N+](=O)[O-])cnc1C,,,,,,,,,,,,,NP-006766,CCC(C)CC(=O)OC1C(=O)C(CO)=CC(O)C1C(C)C,0.5405405405405406,,,,,,,,,,,,,,,,,,,TMA0692,CC12CC(c3ccoc3)OC(=O)C1CC1OC(=O)C3CC(O)CC2C13,0.5121951219512195,,,,,,,,,,,,,,,,,,,,,,,,,,,,,,,,,,,,,,,,,,,,,,,,,TBBP01417,COc1ccc2c(c1OC)C13CCN(C)C14CC2OC4(OC)C(OC)C(=O)C3,0.5049212598425197
Tinidazole,CCS(=O)(=O)CCn1c([N+](=O)[O-])cnc1C,,,,,,,,,,,,,NP-007991,CCCC(SCC(O)C(=O)O)c1c(OC)cc(=O)oc1C,0.5405405405405406,,,,,,,,,,,,,,,,,,,TBBP05846,CC12CC(c3ccoc3)OC(=O)C1CC(O)C1C3CC(CC12)OC3=O,0.5121951219512195,,,,,,,,,,,,,,,,,,,,,,,,,,,,,,,,,,,,,,,,,,,,,,,,,TN4084,COc1ccc2c3c(n(CC=C(C)C)c2c1)C(C=C(C)C)N1C(=O)C2CCCN2C(=O)C1(O)C3O,0.5049019607843137
Tinidazole,CCS(=O)(=O)CCn1c([N+](=O)[O-])cnc1C,,,,,,,,,,,,,NP-019625,CC=Cc1cc(C=O)cc(NCCCC(=O)O)c1C(=O)O,0.5405405405405406,,,,,,,,,,,,,,,,,,,TN3503,C=C1C(=O)OC2C=C(C)CCC=C(C)CC(OC(=O)c3ccoc3)C12,0.5121951219512195,,,,,,,,,,,,,,,,,,,,,,,,,,,,,,,,,,,,,,,,,,,,,,,,,NP-019212,COC(=O)C12Oc3cc(C)cc(O)c3C(=O)C1(O)C(O)CC(N1C(=O)CCC1C(=O)O)C2O,0.5045317220543807
Tinidazole,CCS(=O)(=O)CCn1c([N+](=O)[O-])cnc1C,,,,,,,,,,,,,NP-021811,CC(=O)Cc1ccc(C(=O)O)c(O)c1COC(=O)C(C)C,0.5405405405405406,,,,,,,,,,,,,,,,,,,STOCK1N-54229,O.c1cncc(C2=NCCC2)c1,0.509090909090909,,,,,,,,,,,,,,,,,,,,,,,,,,,,,,,,,,,,,,,,,,,,,,,,,NP-019322,COC(=O)C(CC1(O)c2ccccc2N2C(=O)C(CC(C)C)NC21)n1cnc2ccccc2c1=O,0.5044510385756676
Tinidazole,CCS(=O)(=O)CCn1c([N+](=O)[O-])cnc1C,,,,,,,,,,,,,TN2552,CCCCCCCCCc1cc(=O)c2ccccc2n1C,0.5405405405405406,,,,,,,,,,,,,,,,,,,STOCK1N-50932,Nc1ccn(C2OC(COP(=O)([O-])O)C(O)C2O)c(=O)n1.[Na+],0.5066666666666667,,,,,,,,,,,,,,,,,,,,,,,,,,,,,,,,,,,,,,,,,,,,,,,,,STOCK1N-99129,CCC1C2CC3C4N(C)c5ccccc5C45CC(C2C5O)[N+]3(CC(=O)OC2CCC3(C=O)C4CCC5(C)C(C6=CC(=O)OC6)CCC5(O)C4CCC3(O)C2)C1O.[Br-],0.5044422507403751
Tinidazole,CCS(=O)(=O)CCn1c([N+](=O)[O-])cnc1C,,,,,,,,,,,,,TN1171,CCCCCC(=O)CC(=O)C=Cc1ccc(O)c(OC)c1,0.5405405405405406,,,,,,,,,,,,,,,,,,,T4972,Nc1ccn(C2CC(O)C(COP(=O)([O-])OP(=O)([O-])[O-])O2)c(=O)n1.[Na+].[Na+].[Na+],0.5060240963855421,,,,,,,,,,,,,,,,,,,,,,,,,,,,,,,,,,,,,,,,,,,,,,,,,0449-0060,CCC1C2CC3C4N(C)c5ccccc5C45CC(C2C5O)[N+]3(CC(=O)OC2CCC3(C=O)C4CCC5(C)C(C6=CC(=O)OC6)CCC5(O)C4CCC3(O)C2)C1O,0.5044422507403751
Tinidazole,CCS(=O)(=O)CCn1c([N+](=O)[O-])cnc1C,,,,,,,,,,,,,TCFN70441,CC(=O)OC1C=CC(=O)N(C(=O)CCc2ccccc2)C1,0.5405405405405406,,,,,,,,,,,,,,,,,,,,,,,,,,,,,,,,,,,,,,,,,,,,,,,,,,,,,,,,,,,,,,,,,,,,,,TN1978,O=C(O)CC(C(=O)OC1C2COC(=O)c3cc(O)c(O)c(O)c3-c3c(cc(O)c(O)c3O)C(=O)OC1C(O)C(OC(=O)c1cc(O)c(O)c(O)c1)O2)C1c2c(cc(O)c(O)c2O)C(=O)OC1C(=O)O,0.5039920159680639
Tinidazole,CCS(=O)(=O)CCn1c([N+](=O)[O-])cnc1C,,,,,,,,,,,,,TCFN90103,CCCCCCCC(=O)c1ccc(CCOC(C)=O)cc1,0.5405405405405406,,,,,,,,,,,,,,,,,,,,,,,,,,,,,,,,,,,,,,,,,,,,,,,,,,,,,,,,,,,,,,,,,,,,,,NP-020213,COCC1OC(=O)c2coc3c2C1(C)C1=C(C3=O)C2CCC(=O)C2(C)CC1O,0.5039761431411531
Tinidazole,CCS(=O)(=O)CCn1c([N+](=O)[O-])cnc1C,,,,,,,,,,,,,T4406,CC1=CC(=O)C=C(C)C1=O,0.5384615384615384,,,,,,,,,,,,,,,,,,,,,,,,,,,,,,,,,,,,,,,,,,,,,,,,,,,,,,,,,,,,,,,,,,,,,,NP-014452,CC1OC2CC(=O)OC2C2=C1C(=O)c1c(O)c3c(c(O)c1C2=O)C1CC(OC2CC(O)C(O)C(C)O2)C3(O)C(C)O1,0.503968253968254
Tinidazole,CCS(=O)(=O)CCn1c([N+](=O)[O-])cnc1C,,,,,,,,,,,,,T17199,CCCOc1ccc(S(=O)(=O)NCCC2CCCN2C)cc1-c1nc2c(CCC)nn(C)c2c(=O)[nH]1,0.5384615384615384,,,,,,,,,,,,,,,,,,,,,,,,,,,,,,,,,,,,,,,,,,,,,,,,,,,,,,,,,,,,,,,,,,,,,,T0518,C=C1c2cccc(O)c2C(=O)C2=C(O)C3(O)C(=O)C(C(N)=O)=C(O)C(N(C)C)C3C(O)C12.Cl,0.503960396039604
Tinidazole,CCS(=O)(=O)CCn1c([N+](=O)[O-])cnc1C,,,,,,,,,,,,,T0728,CCC1(C)CC(=O)NC1=O,0.5384615384615384,,,,,,,,,,,,,,,,,,,,,,,,,,,,,,,,,,,,,,,,,,,,,,,,,,,,,,,,,,,,,,,,,,,,,,STOCK1N-51719,C=C1c2cccc(O)c2C(=O)C2=C(O)C3(O)C(=O)C(C(N)=O)=C(O)C(N(C)C)C3C(O)C12.Cl,0.503960396039604
Tinidazole,CCS(=O)(=O)CCn1c([N+](=O)[O-])cnc1C,,,,,,,,,,,,,TCFN00012,C[N+](C)(C)CCCC(=O)[O-],0.5384615384615384,,,,,,,,,,,,,,,,,,,,,,,,,,,,,,,,,,,,,,,,,,,,,,,,,,,,,,,,,,,,,,,,,,,,,,NP-020475,Cc1cc(O)c2c3c1C(=O)C1c4c(c(O)c5c6c(c(O)cc(C)c46)C(=O)O5)C3(COC2=O)C1O,0.5039447731755424
Tinidazole,CCS(=O)(=O)CCn1c([N+](=O)[O-])cnc1C,,,,,,,,,,,,,T1126,CC1(C)SC2C(NC(=O)COc3ccccc3)C(=O)N2C1C(=O)[O-].[K+],0.5365853658536586,,,,,,,,,,,,,,,,,,,,,,,,,,,,,,,,,,,,,,,,,,,,,,,,,,,,,,,,,,,,,,,,,,,,,,TN2570,C=CC1CN2CCCC3=C2C12C(=CN(O)C1C=CCC(=O)C12C(=O)OC)C3,0.5036649214659686
Tinidazole,CCS(=O)(=O)CCn1c([N+](=O)[O-])cnc1C,,,,,,,,,,,,,NP-008213,CCC(O)(C(=O)OCc1ccccc1NC(=O)CCC(=O)O)C(C)O,0.5365853658536586,,,,,,,,,,,,,,,,,,,,,,,,,,,,,,,,,,,,,,,,,,,,,,,,,,,,,,,,,,,,,,,,,,,,,,T29795,CN1CCc2c3n(c4ccccc24)C(O)CC(C2=CCOC2=O)CC31,0.5035317860746721
Tinidazole,CCS(=O)(=O)CCn1c([N+](=O)[O-])cnc1C,,,,,,,,,,,,,NP-017724,CC(CCC1(C)C(C)CCC2(C)C(C(=O)O)=CC(=O)CC21)CC(=O)O,0.5365853658536586,,,,,,,,,,,,,,,,,,,,,,,,,,,,,,,,,,,,,,,,,,,,,,,,,,,,,,,,,,,,,,,,,,,,,,T1123,CCC1(O)C(=O)OCc2c1cc1n(c2=O)Cc2cc3ccccc3nc2-1,0.5035105315947843
Tinidazole,CCS(=O)(=O)CCn1c([N+](=O)[O-])cnc1C,,,,,,,,,,,,,NP-020716,CCCCCCC1=C(C)C(=O)N(C(CCCNC(=N)N)C(=O)O)C1=O,0.5365853658536586,,,,,,,,,,,,,,,,,,,,,,,,,,,,,,,,,,,,,,,,,,,,,,,,,,,,,,,,,,,,,,,,,,,,,,TCFN92088,CC(C)=CCCC(C)=CCc1c(O)c(CC=C(C)C)c2c(c1O)C(=O)C1=CC3CC4C(C)(C)OC(CC=C(C)C)(C3=O)C14O2,0.5035105315947843
Tinidazole,CCS(=O)(=O)CCn1c([N+](=O)[O-])cnc1C,,,,,,,,,,,,,NP-020995,CCCCCCC1=C(CC(=O)O)C(=O)N(C(C(=O)O)C(C)CC)C1=O,0.5365853658536586,,,,,,,,,,,,,,,,,,,,,,,,,,,,,,,,,,,,,,,,,,,,,,,,,,,,,,,,,,,,,,,,,,,,,,TCFN92086,CC(C)=CCCC(C)=CCc1c(O)c(CC=C(C)C)c2c(c1O)C(=O)C1=CC3CC4C(C)(C)OC(CC=C(C)C=O)(C3=O)C14O2,0.5035105315947843
Tinidazole,CCS(=O)(=O)CCn1c([N+](=O)[O-])cnc1C,,,,,,,,,,,,,TCFN00135,CCCCCCCC=CC(=O)N1C(O)=C(C(C)=O)C(=O)C1CC(C)C,0.5365853658536586,,,,,,,,,,,,,,,,,,,,,,,,,,,,,,,,,,,,,,,,,,,,,,,,,,,,,,,,,,,,,,,,,,,,,,NP-003955,CC(=O)OC(C)C1C(C)(O)CC(=O)C23OC12C(=O)c1ccc(-c2ccc4c(c2O)C(O)C25OC2(C4=O)C(C(C)OC(C)=O)C(C)(O)CC5=O)c(O)c1C3O,0.5035035035035035
Tinidazole,CCS(=O)(=O)CCn1c([N+](=O)[O-])cnc1C,,,,,,,,,,,,,T5763,CCCCC1OC(=O)C2=CCCCC21,0.5333333333333333,,,,,,,,,,,,,,,,,,,,,,,,,,,,,,,,,,,,,,,,,,,,,,,,,,,,,,,,,,,,,,,,,,,,,,T8201,CC(C)=CCCC(C)=CCc1c(O)c(CC=C(C)C)c2c(c1O)C(=O)C1=CC3CC4C(C)(C)OC(CC=C(C)C(=O)O)(C3=O)C14O2,0.5035035035035035
Tinidazole,CCS(=O)(=O)CCn1c([N+](=O)[O-])cnc1C,,,,,,,,,,,,,T8075,Cn1c(=O)c2[nH]c(=O)[nH]c2n(C)c1=O,0.5333333333333333,,,,,,,,,,,,,,,,,,,,,,,,,,,,,,,,,,,,,,,,,,,,,,,,,,,,,,,,,,,,,,,,,,,,,,TCFN92096,CC(C)=CCCC(C)=CCc1c(O)c(CC=C(C)C)c2c(c1O)C(=O)C1=CC3CC4C(C)(C)OC(CC=C(C)C(=O)O)(C3=O)C14O2,0.5035035035035035
Tinidazole,CCS(=O)(=O)CCn1c([N+](=O)[O-])cnc1C,,,,,,,,,,,,,STOCK1N-23866,COc1cc(CCC(C)=O)ccc1O,0.5333333333333333,,,,,,,,,,,,,,,,,,,,,,,,,,,,,,,,,,,,,,,,,,,,,,,,,,,,,,,,,,,,,,,,,,,,,,T3S1957,CCC1(O)C(=O)OCc2c1cc1n(c2=O)Cc2cc3c(N)cccc3nc2-1,0.5034965034965035
Tinidazole,CCS(=O)(=O)CCn1c([N+](=O)[O-])cnc1C,,,,,,,,,,,,,NP-007987,C=c1oc(=O)cc(OC)c1=CCCC,0.5333333333333333,,,,,,,,,,,,,,,,,,,,,,,,,,,,,,,,,,,,,,,,,,,,,,,,,,,,,,,,,,,,,,,,,,,,,,TBBP00589,CC=C1CN2CCc3c([nH]c4ccccc34)C2CC1C(Cc1c[n+]2c(c3[nH]c4ccccc4c13)CC1C(C(=O)OC)=COC(C)C1C2)C(=O)OC,0.503461918892186
Tinidazole,CCS(=O)(=O)CCn1c([N+](=O)[O-])cnc1C,,,,,,,,,,,,,NP-024191,CCCc1oc(=O)ccc1C(O)CO,0.5333333333333333,,,,,,,,,,,,,,,,,,,,,,,,,,,,,,,,,,,,,,,,,,,,,,,,,,,,,,,,,,,,,,,,,,,,,,TN4894,CC=C1C2CC3C4=Nc5ccccc5C45CC(C2C5OC(C)=O)N3C1OC1OC(CO)C(O)C(O)C1O,0.503461918892186
Tinidazole,CCS(=O)(=O)CCn1c([N+](=O)[O-])cnc1C,,,,,,,,,,,,,NP-024192,CCCC(O)c1ccc(=O)oc1CO,0.5333333333333333,,,,,,,,,,,,,,,,,,,,,,,,,,,,,,,,,,,,,,,,,,,,,,,,,,,,,,,,,,,,,,,,,,,,,,T0895,CN(C)C1C(O)=C(C(N)=O)C(=O)C2(O)C(O)=C3C(=O)c4c(O)cccc4C(C)(O)C3C(O)C12,0.5034550839091807
Tinidazole,CCS(=O)(=O)CCn1c([N+](=O)[O-])cnc1C,,,,,,,,,,,,,T4S0647,CCCCC1OC(=O)c2ccccc21,0.5333333333333333,,,,,,,,,,,,,,,,,,,,,,,,,,,,,,,,,,,,,,,,,,,,,,,,,,,,,,,,,,,,,,,,,,,,,,STOCK1N-50853,CN(C)C1C(O)=C(C(N)=O)C(=O)C2(O)C(O)=C3C(=O)c4c(O)cccc4C(C)(O)C3C(O)C12.Cl,0.5034550839091807
Tinidazole,CCS(=O)(=O)CCn1c([N+](=O)[O-])cnc1C,,,,,,,,,,,,,T5S2073,CCCCC1OC(=O)C2=C1CCC=C2,0.5333333333333333,,,,,,,,,,,,,,,,,,,,,,,,,,,,,,,,,,,,,,,,,,,,,,,,,,,,,,,,,,,,,,,,,,,,,,0521-0012,CCC1C2CC3C4N(C)c5ccccc5C45CC(C2C5O)[N+]3(CC(=O)OC2CCC3(C(=O)OC)C4CCC5(C)C(C6=CC(=O)OC6)CCC5(O)C4CCC3(O)C2)C1O,0.503448275862069
Tinidazole,CCS(=O)(=O)CCn1c([N+](=O)[O-])cnc1C,,,,,,,,,,,,,TN4991,CCCCC1OC(=O)C2=C1CCC=C2,0.5333333333333333,,,,,,,,,,,,,,,,,,,,,,,,,,,,,,,,,,,,,,,,,,,,,,,,,,,,,,,,,,,,,,,,,,,,,,NP-019485,CC1(O)CC2(OC3OC(CO)C(O)C(O)C3O)C(OC3OC(CO)C(O)C(O)C3S)=CC3=C(C(=O)c4cccc(O)c4C3=O)C2(O)C(=O)C1O,0.5034414945919371
Tinidazole,CCS(=O)(=O)CCn1c([N+](=O)[O-])cnc1C,,,,,,,,,,,,,T6718,COc1cc(CCC(C)=O)ccc1O,0.5333333333333333,,,,,,,,,,,,,,,,,,,,,,,,,,,,,,,,,,,,,,,,,,,,,,,,,,,,,,,,,,,,,,,,,,,,,,TBBP01365,COc1ccc(C(=O)OC2CC34CCN(C)C35CC(OC5(OC)C2OC)c2ccc(OC)c(OC)c24)cc1OC,0.5034414945919371
Tinidazole,CCS(=O)(=O)CCn1c([N+](=O)[O-])cnc1C,,,,,,,,,,,,,T5853,CCC1(O)C(=O)OCc2c1cc1n(c2=O)Cc2cc3c([N+](=O)[O-])cccc3nc2-1,0.5333333333333333,,,,,,,,,,,,,,,,,,,,,,,,,,,,,,,,,,,,,,,,,,,,,,,,,,,,,,,,,,,,,,,,,,,,,,TN2642,CCC12CCCN3CCc4c(n(c5ccccc45)C(C(=O)OC)C1)C32,0.503030303030303
Tinidazole,CCS(=O)(=O)CCn1c([N+](=O)[O-])cnc1C,,,,,,,,,,,,,TN1176,CCC1(O)C(=O)OCc2c1cc1n(c2=O)Cc2cc3cc([N+](=O)[O-])ccc3nc2-1,0.5333333333333333,,,,,,,,,,,,,,,,,,,,,,,,,,,,,,,,,,,,,,,,,,,,,,,,,,,,,,,,,,,,,,,,,,,,,,TCFN92958,CC(C)=CCc1c(O)cc(O)c2c1OC13C(=CC4CC1C(C)(C)OC3(CC=C(C)C)C4=O)C2=O,0.5030120481927711
Tinidazole,CCS(=O)(=O)CCn1c([N+](=O)[O-])cnc1C,,,,,,,,,,,,,TN1979,CCCCC1OC(=O)C2=CCCCC21,0.5333333333333333,,,,,,,,,,,,,,,,,,,,,,,,,,,,,,,,,,,,,,,,,,,,,,,,,,,,,,,,,,,,,,,,,,,,,,TN2962,COc1cc(OC)c2c(c1)OC1(c3ccc(OC)c(OC)c3)C(c3ccccc3)C(C(=O)N(C)C)C(O)C21O,0.5029880478087649
Tinidazole,CCS(=O)(=O)CCn1c([N+](=O)[O-])cnc1C,,,,,,,,,,,,,TN4528,COC(=O)CCc1ccc(OC)cc1,0.5333333333333333,,,,,,,,,,,,,,,,,,,,,,,,,,,,,,,,,,,,,,,,,,,,,,,,,,,,,,,,,,,,,,,,,,,,,,TN2952,COc1cc(OC)c2c(c1)OC1(c3ccc(OC)c(O)c3)C(c3ccccc3)C(C(=O)N(C)C)C(O)C21O,0.5029880478087649
Tinidazole,CCS(=O)(=O)CCn1c([N+](=O)[O-])cnc1C,,,,,,,,,,,,,TBB-05110,CCOC(=O)CCc1ccc(O)cc1,0.5333333333333333,,,,,,,,,,,,,,,,,,,,,,,,,,,,,,,,,,,,,,,,,,,,,,,,,,,,,,,,,,,,,,,,,,,,,,NP-019596,COc1ccc2c(c1)N1C(=O)CC34C=CC[N+]5([O-])CCC2C(CC3)C145,0.5029821073558648
Tinidazole,CCS(=O)(=O)CCn1c([N+](=O)[O-])cnc1C,,,,,,,,,,,,,TCFN93302,CCCCOC(=O)c1ccc(O)cc1,0.5333333333333333,,,,,,,,,,,,,,,,,,,,,,,,,,,,,,,,,,,,,,,,,,,,,,,,,,,,,,,,,,,,,,,,,,,,,,TBBP04559,CC=C1CN(C)C2Cc3c([nH]c4ccccc34)C(C)CC1C2(CO)C(=O)OC.CCC1CC2CN3CCc4c([nH]c5cc(OC)ccc45)C(C(=O)OC)(C2)C13,0.5029644268774703
Tinidazole,CCS(=O)(=O)CCn1c([N+](=O)[O-])cnc1C,,,,,,,,,,,,,TCFN92319,NC(=O)OCc1ccc([N+](=O)[O-])cc1,0.5333333333333333,,,,,,,,,,,,,,,,,,,,,,,,,,,,,,,,,,,,,,,,,,,,,,,,,,,,,,,,,,,,,,,,,,,,,,TN4053,CCc1ccc(C2=C(C)C(=O)C3(O2)C(=O)NC(OC)(C(=O)c2ccccc2)C3O)o1,0.5029527559055118
Tinidazole,CCS(=O)(=O)CCn1c([N+](=O)[O-])cnc1C,,,,,,,,,,,,,TCFN92908,CCCCCC1(O)OC(=O)C(C)=C1C,0.5333333333333333,,,,,,,,,,,,,,,,,,,,,,,,,,,,,,,,,,,,,,,,,,,,,,,,,,,,,,,,,,,,,,,,,,,,,,T32861,CC=C1CN2CCc3c([nH]c4ccccc34)C2CC1C1=CN2c3ccccc3C34CCN5CC6=CCOC1C(C6CC53)C24,0.5029411764705882
Tinidazole,CCS(=O)(=O)CCn1c([N+](=O)[O-])cnc1C,,,,,,,,,,,,,TCFN70336,COCc1c(CO)cnc(C)c1O.[Cl],0.5333333333333333,,,,,,,,,,,,,,,,,,,,,,,,,,,,,,,,,,,,,,,,,,,,,,,,,,,,,,,,,,,,,,,,,,,,,,TN3202,CC=C(C)C(=O)OC1c2c(C)coc2C(=O)C23OC2CCC(C)C13C,0.5025176233635448
Tinidazole,CCS(=O)(=O)CCn1c([N+](=O)[O-])cnc1C,,,,,,,,,,,,,TCFN00059,COc1ccc(CCCN)cc1OC,0.5333333333333333,,,,,,,,,,,,,,,,,,,,,,,,,,,,,,,,,,,,,,,,,,,,,,,,,,,,,,,,,,,,,,,,,,,,,,NP-021172,CC(C)(O)C(=O)OC1(C)COC23CCC4(C)C(O)(CCC5Cc6c([nH]c7cc(Cl)ccc67)C54C)C2=CC(=O)C1O3,0.5025025025025025
Tinidazole,CCS(=O)(=O)CCn1c([N+](=O)[O-])cnc1C,,,,,,,,,,,,,TCFN90120,C#CCOS(=O)(=O)c1ccc(C)cc1,0.5333333333333333,,,,,,,,,,,,,,,,,,,,,,,,,,,,,,,,,,,,,,,,,,,,,,,,,,,,,,,,,,,,,,,,,,,,,,NP-024382,CCC(C)C1NC(=O)C(O)(C2=Cc3c(oc(C)c(C)c3=O)C(C)(CC)C2=O)C1=O,0.5025025025025025
Tinidazole,CCS(=O)(=O)CCn1c([N+](=O)[O-])cnc1C,,,,,,,,,,,,,NP-000629,CC(=O)CCCC1Cc2cccc(O)c2C(=O)O1,0.5294117647058824,,,,,,,,,,,,,,,,,,,,,,,,,,,,,,,,,,,,,,,,,,,,,,,,,,,,,,,,,,,,,,,,,,,,,,TCFN92091,CC(C)=CCc1c(O)c(CC=C(C)C)c2c(c1O)C(=O)C1=CC3CC4C(C)(C)OC(CC=C(C)C(=O)O)(C3=O)C14O2,0.5025025025025025
Tinidazole,CCS(=O)(=O)CCn1c([N+](=O)[O-])cnc1C,,,,,,,,,,,,,NP-000790,CCCC(=O)c1c(OC)cc(O)c(CCO)c1O,0.5294117647058824,,,,,,,,,,,,,,,,,,,,,,,,,,,,,,,,,,,,,,,,,,,,,,,,,,,,,,,,,,,,,,,,,,,,,,TBBP02361,CCC12CC(C(=O)OC)=C3Nc4ccccc4C34CCN(CC3OC31)C42,0.5024975024975025
Tinidazole,CCS(=O)(=O)CCn1c([N+](=O)[O-])cnc1C,,,,,,,,,,,,,NP-001623,C=C1C(=O)OC2CC(C)C(CCC(C)=O)=CCC12,0.5294117647058824,,,,,,,,,,,,,,,,,,,,,,,,,,,,,,,,,,,,,,,,,,,,,,,,,,,,,,,,,,,,,,,,,,,,,,NP-019213,COC(=O)C12Oc3cc(C)cc(O)c3-c3ncc(CC(=O)O)c(c31)C=CC2O,0.5024826216484608
Tinidazole,CCS(=O)(=O)CCn1c([N+](=O)[O-])cnc1C,,,,,,,,,,,,,NP-003263,CCC(C)c1cnc(Cc2ccccc2)c(=O)[nH]1,0.5294117647058824,,,,,,,,,,,,,,,,,,,,,,,,,,,,,,,,,,,,,,,,,,,,,,,,,,,,,,,,,,,,,,,,,,,,,,NP-006653,CC=CC=CC(=O)C1C(c2ccc3c(c2O)C(O)(c2ccc(OC)cc2)C(OC)C(=O)N3)C=C(C)CC1C1(C)OC(=O)C(C)=C1O,0.5024777006937562
Tinidazole,CCS(=O)(=O)CCn1c([N+](=O)[O-])cnc1C,,,,,,,,,,,,,NP-007720,C=C1C(=O)OC2CC(C)C(CCC(C)=O)=CCC12,0.5294117647058824,,,,,,,,,,,,,,,,,,,,,,,,,,,,,,,,,,,,,,,,,,,,,,,,,,,,,,,,,,,,,,,,,,,,,,T1400,CN(C)C1C(O)=C(C(N)=O)C(=O)C2(O)C(O)=C3C(=O)c4c(O)ccc(Cl)c4C(O)C3CC12.Cl,0.5024727992087042
Tinidazole,CCS(=O)(=O)CCn1c([N+](=O)[O-])cnc1C,,,,,,,,,,,,,NP-025038,CCCCOC(=O)c1cc(O)cc(O)c1C(=O)O,0.5294117647058824,,,,,,,,,,,,,,,,,,,,,,,,,,,,,,,,,,,,,,,,,,,,,,,,,,,,,,,,,,,,,,,,,,,,,,TCFN92734,COC1=CC(=O)c2cc(C)cc(-c3c(OC)cc(OC)c4ccc(=O)oc34)c2C1=O,0.5020964360587002
Tinidazole,CCS(=O)(=O)CCn1c([N+](=O)[O-])cnc1C,,,,,,,,,,,,,TN3031,CC(=O)CCC(C1=CC(C)(O)CCC1=O)C(C)C,0.5294117647058824,,,,,,,,,,,,,,,,,,,,,,,,,,,,,,,,,,,,,,,,,,,,,,,,,,,,,,,,,,,,,,,,,,,,,,T8302,CON=C(C(=O)NC1C(=O)N2C(C(=O)O)=C(CSC(=O)c3ccco3)CSC12)c1csc(N)n1,0.5020408163265306
Tinidazole,CCS(=O)(=O)CCn1c([N+](=O)[O-])cnc1C,,,,,,,,,,,,,TCFN92653,CC(=O)CCc1ccc(C(C)(C)O)c(=O)cc1C,0.5294117647058824,,,,,,,,,,,,,,,,,,,,,,,,,,,,,,,,,,,,,,,,,,,,,,,,,,,,,,,,,,,,,,,,,,,,,,NP-005650,COc1c(C2OCC(OC(C)=O)C(OC(C)=O)C2OC(C)=O)c(O)cc2oc(-c3ccc(OC4OC(CO)C(O)C(O)C4O)cc3)cc(=O)c12,0.5020366598778004
Tinidazole,CCS(=O)(=O)CCn1c([N+](=O)[O-])cnc1C,,,,,,,,,,,,,TCFN70127,CCN(CC)CCOC(=O)c1ccc(N)cc1.Cl,0.5294117647058824,,,,,,,,,,,,,,,,,,,,,,,,,,,,,,,,,,,,,,,,,,,,,,,,,,,,,,,,,,,,,,,,,,,,,,T28415,COc1cnc(CCn2ccc3c4n(c(=O)c(=O)cc2-4)c2ccccc32)c2c1c1ccccc1n2OC,0.5020325203252033
Tinidazole,CCS(=O)(=O)CCn1c([N+](=O)[O-])cnc1C,,,,,,,,,,,,,TCFN80051,Cc1cc2c(c(C)c1CCO)C(=O)C(C)(CO)C2,0.5294117647058824,,,,,,,,,,,,,,,,,,,,,,,,,,,,,,,,,,,,,,,,,,,,,,,,,,,,,,,,,,,,,,,,,,,,,,NP-009752,CC(=O)OC1c2c(C)coc2C(=O)C23OC2CCC(C)C13C,0.5020242914979757
Tinidazole,CCS(=O)(=O)CCn1c([N+](=O)[O-])cnc1C,,,,,,,,,,,,,NP-008943,Cc1cc(C)c2c(c1)C(=O)C(O)(C(CC(N)=O)CC(=O)O)O2,0.5263157894736842,,,,,,,,,,,,,,,,,,,,,,,,,,,,,,,,,,,,,,,,,,,,,,,,,,,,,,,,,,,,,,,,,,,,,,NP-021173,CC(=O)OC1(C)COC23CCC4(C)C(O)(CCC5Cc6c([nH]c7cc(Cl)ccc67)C54C)C2=CC(=O)C1O3,0.5020040080160321
Tinidazole,CCS(=O)(=O)CCn1c([N+](=O)[O-])cnc1C,,,,,,,,,,,,,NP-020050,CC(=O)NC(CCC(=O)O)C(=O)NCCc1ccc(O)cc1,0.5263157894736842,,,,,,,,,,,,,,,,,,,,,,,,,,,,,,,,,,,,,,,,,,,,,,,,,,,,,,,,,,,,,,,,,,,,,,NP-014334,COC(=O)CC1OC(C)C2=C(C(=O)c3c(O)c4c(c(O)c3C2=O)C2(O)C(O)CC4OC2C)C1O,0.502
Tinidazole,CCS(=O)(=O)CCn1c([N+](=O)[O-])cnc1C,,,,,,,,,,,,,NP-020463,CCCCCC(=O)Cc1cc(O)c(OC)cc1CCC(=O)O,0.5263157894736842,,,,,,,,,,,,,,,,,,,,,,,,,,,,,,,,,,,,,,,,,,,,,,,,,,,,,,,,,,,,,,,,,,,,,,TBBP01253,CC=C1C[N+]2(C)CCc3c4n(c5ccccc35)C(C(=O)[O-])C1CC42,0.501996007984032
Tinidazole,CCS(=O)(=O)CCn1c([N+](=O)[O-])cnc1C,,,,,,,,,,,,,NP-024108,COc1cc(C=CCCCCC(O)CC(=O)O)oc(=O)c1C,0.5263157894736842,,,,,,,,,,,,,,,,,,,,,,,,,,,,,,,,,,,,,,,,,,,,,,,,,,,,,,,,,,,,,,,,,,,,,,TN3554,COc1ccc(C2OC(C(=O)OC3CC4(O)C(OC(=O)c5ccccc5)C5C6(OC(C)=O)COC6CC(O)C5(C)C(=O)C(O)C(=C3C)C4(C)C)C(c3ccccc3)N2C(=O)OC(C)(C)C)cc1,0.50199203187251
Tinidazole,CCS(=O)(=O)CCn1c([N+](=O)[O-])cnc1C,,,,,,,,,,,,,TCFN70331,CC=C(C=O)C(CC=O)CC(=O)OCCc1ccc(O)cc1,0.5263157894736842,,,,,,,,,,,,,,,,,,,,,,,,,,,,,,,,,,,,,,,,,,,,,,,,,,,,,,,,,,,,,,,,,,,,,,STOCK1N-51328,COc1ccc2c3c1OC1C(=O)C=CC4(O)C(C2)N(C)CCC314,0.5019880715705766
Tinidazole,CCS(=O)(=O)CCn1c([N+](=O)[O-])cnc1C,,,,,,,,,,,,,T20273,CCCCCOC(=O)c1ccccc1C(=O)OCCCCC,0.5263157894736842,,,,,,,,,,,,,,,,,,,,,,,,,,,,,,,,,,,,,,,,,,,,,,,,,,,,,,,,,,,,,,,,,,,,,,STOCK1N-94753,CC1c2cccc(O)c2C(=O)C2=C(O)C3(O)C(=O)C(C(N)=O)=C(O)C(N(C)C)C3C(O)C21.O,0.5019880715705766
Tinidazole,CCS(=O)(=O)CCn1c([N+](=O)[O-])cnc1C,,,,,,,,,,,,,NP-016652,CC(O)C(O)(C(=O)OCc1ccccc1NC(=O)CCC(=O)O)C(C)O,0.5238095238095238,,,,,,,,,,,,,,,,,,,,,,,,,,,,,,,,,,,,,,,,,,,,,,,,,,,,,,,,,,,,,,,,,,,,,,STOCK1N-95274,CC1c2cccc(O)c2C(=O)C2=C(O)C3(O)C(=O)C(C(N)=O)=C(O)C(N(C)C)C3C(O)C21,0.5019880715705766
Tinidazole,CCS(=O)(=O)CCn1c([N+](=O)[O-])cnc1C,,,,,,,,,,,,,T12093,CC=CC1=CC2=C(CO1)C(=O)C1(C)OC(=O)C(C(=O)CCCCC)C1C2,0.5238095238095238,,,,,,,,,,,,,,,,,,,,,,,,,,,,,,,,,,,,,,,,,,,,,,,,,,,,,,,,,,,,,,,,,,,,,,AE-562/43462168,COc1ccc2c3c1OC1C(=O)C=CC4(O)C(C2)N(C)CCC314,0.5019880715705766
Tinidazole,CCS(=O)(=O)CCn1c([N+](=O)[O-])cnc1C,,,,,,,,,,,,,TCFN00118,CCCC=CC=CC(=O)C1=C(O)N(C)C(CC(O)(C(=O)O)C(C)C)C1=O,0.5238095238095238,,,,,,,,,,,,,,,,,,,,,,,,,,,,,,,,,,,,,,,,,,,,,,,,,,,,,,,,,,,,,,,,,,,,,,T3S1955,CCc1c2c(nc3ccccc13)-c1cc3c(c(=O)n1C2)COC(=O)C3(O)CC,0.5019880715705766
Tinidazole,CCS(=O)(=O)CCn1c([N+](=O)[O-])cnc1C,,,,,,,,,,,,,T1681,Cn1c(=O)c2[nH]cnc2n(C)c1=O.Cn1c(=O)c2[nH]cnc2n(C)c1=O.NCCN,0.5217391304347826,,,,,,,,,,,,,,,,,,,,,,,,,,,,,,,,,,,,,,,,,,,,,,,,,,,,,,,,,,,,,,,,,,,,,,T1687,CC1c2cccc(O)c2C(=O)C2=C(O)C3(O)C(=O)C(C(N)=O)=C(O)C(N(C)C)C3C(O)C21,0.5019880715705766
Tinidazole,CCS(=O)(=O)CCn1c([N+](=O)[O-])cnc1C,,,,,,,,,,,,,NP-005776,CCC(C)C=C(C)C=CC1=CC2=C(Cl)C(=O)C(C)(OC(C)=O)C(=O)C2=CN1CCO,0.5217391304347826,,,,,,,,,,,,,,,,,,,,,,,,,,,,,,,,,,,,,,,,,,,,,,,,,,,,,,,,,,,,,,,,,,,,,,NP-002551,CN1C(=O)c2ccccc2-n2c(nc3ccccc3c2=O)C12OC2c1ccccc1,0.501980198019802
Tinidazole,CCS(=O)(=O)CCn1c([N+](=O)[O-])cnc1C,,,,,,,,,,,,,T2723,CC1=CC(=O)CC(C)(C)C1=O,0.5185185185185185,,,,,,,,,,,,,,,,,,,,,,,,,,,,,,,,,,,,,,,,,,,,,,,,,,,,,,,,,,,,,,,,,,,,,,TN3850,COc1ccc2c(c1OC)C13CCN(C)C14CC2OC4(OC)C(OC)C(OC(C)=O)C3,0.5019685039370079
Tinidazole,CCS(=O)(=O)CCn1c([N+](=O)[O-])cnc1C,,,,,,,,,,,,,T8273,CC(=O)CC(=O)CCC(=O)O,0.5185185185185185,,,,,,,,,,,,,,,,,,,,,,,,,,,,,,,,,,,,,,,,,,,,,,,,,,,,,,,,,,,,,,,,,,,,,,NP-001133,O=C1NC2CCc3nc4ccccc4c(=O)n3C2=Nc2ccccc21,0.5015416238437821
Tinidazole,CCS(=O)(=O)CCn1c([N+](=O)[O-])cnc1C,,,,,,,,,,,,,T5616,CCOC(=O)CC(=O)OCC,0.5185185185185185,,,,,,,,,,,,,,,,,,,,,,,,,,,,,,,,,,,,,,,,,,,,,,,,,,,,,,,,,,,,,,,,,,,,,,T40179,CCC(O)(C(=O)O)c1cc2n(c(=O)c1CO)Cc1cc3ccccc3nc1-2.[Na+],0.5015166835187057
Tinidazole,CCS(=O)(=O)CCn1c([N+](=O)[O-])cnc1C,,,,,,,,,,,,,T4940,Cl.Cl.Cn1cncc1CCN,0.5185185185185185,,,,,,,,,,,,,,,,,,,,,,,,,,,,,,,,,,,,,,,,,,,,,,,,,,,,,,,,,,,,,,,,,,,,,,TCFN95252,COc1cc(CCC(=O)OCC2OC(Oc3cc4oc(-c5ccc(O)cc5)cc(=O)c4c(O)c3C3OC(CO)C(O)C(O)C3OC3OCC(O)C(O)C3O)C(O)C(O)C2O)ccc1O,0.5015075376884423
Tinidazole,CCS(=O)(=O)CCn1c([N+](=O)[O-])cnc1C,,,,,,,,,,,,,T8790,Cl.Cl.Cn1cnc(CCN)c1,0.5185185185185185,,,,,,,,,,,,,,,,,,,,,,,,,,,,,,,,,,,,,,,,,,,,,,,,,,,,,,,,,,,,,,,,,,,,,,T4S1616,CC(C)=CCC12Oc3cc(O)ccc3C1(O)Oc1cc(O)c(C3C=C(C)CC(c4ccc(O)cc4O)C3C(=O)c3ccc(O)cc3O)c(O)c1C2=O,0.5015045135406219
Tinidazole,CCS(=O)(=O)CCn1c([N+](=O)[O-])cnc1C,,,,,,,,,,,,,NP-004467,CCCC1=CC(=O)C(O)C1O,0.5185185185185185,,,,,,,,,,,,,,,,,,,,,,,,,,,,,,,,,,,,,,,,,,,,,,,,,,,,,,,,,,,,,,,,,,,,,,TQ0131,COc1ccc(C23Oc4cc(OC)cc(OC)c4C2(O)C(O)C(C(=O)N(C)C)C3c2ccccc2)cc1,0.5014955134596212
Tinidazole,CCS(=O)(=O)CCn1c([N+](=O)[O-])cnc1C,,,,,,,,,,,,,T8150,Cn1cc(C(N)=O)ccc1=O,0.5185185185185185,,,,,,,,,,,,,,,,,,,,,,,,,,,,,,,,,,,,,,,,,,,,,,,,,,,,,,,,,,,,,,,,,,,,,,NP-008325,CC=CCCC(=O)C1C(c2ccc3c(c2O)C(O)(c2ccc(OC)cc2)C(OC)C(=O)N3)C=C(C)CC1C1(C)OC(=O)C(C)=C1O,0.5014866204162537
Tinidazole,CCS(=O)(=O)CCn1c([N+](=O)[O-])cnc1C,,,,,,,,,,,,,T6981,Cn1cc(C(=O)O)ccc1=O,0.5185185185185185,,,,,,,,,,,,,,,,,,,,,,,,,,,,,,,,,,,,,,,,,,,,,,,,,,,,,,,,,,,,,,,,,,,,,,TQ0180,O=C(O)CC1C(=O)OC2C3COC(=O)c4cc(O)c(O)c(O)c4-c4c(cc(O)c(O)c4O)C(=O)OC2C(OC(=O)c2cc(O)c(O)c4c2C1C(O)C(=O)O4)C(OC(=O)c1cc(O)c(O)c(O)c1)O3,0.5014866204162537
Tinidazole,CCS(=O)(=O)CCn1c([N+](=O)[O-])cnc1C,,,,,,,,,,,,,T1396,CCC1(C)CC(=O)NC(=O)C1,0.5185185185185185,,,,,,,,,,,,,,,,,,,,,,,,,,,,,,,,,,,,,,,,,,,,,,,,,,,,,,,,,,,,,,,,,,,,,,TN6095,COC(=O)C1=COC(OC2OC(CO)C(O)C(O)C2O)C2C3CN4CCc5c([nH]c6ccccc56)C4(CC12)O3,0.5014836795252225
Tinidazole,CCS(=O)(=O)CCn1c([N+](=O)[O-])cnc1C,,,,,,,,,,,,,TBBP06250,Cn1ccc(=O)c(C(N)=O)c1,0.5185185185185185,,,,,,,,,,,,,,,,,,,,,,,,,,,,,,,,,,,,,,,,,,,,,,,,,,,,,,,,,,,,,,,,,,,,,,TBBP01623,COCC=C1CN2C3CC45C(=Nc6c(OC)cc(OC)c(OC)c64)OCC3C1CC25,0.5014807502467917
Tinidazole,CCS(=O)(=O)CCn1c([N+](=O)[O-])cnc1C,,,,,,,,,,,,,TN2709,CC1=CC(C)(C)N=C(C)C1=O,0.5185185185185185,,,,,,,,,,,,,,,,,,,,,,,,,,,,,,,,,,,,,,,,,,,,,,,,,,,,,,,,,,,,,,,,,,,,,,TN3981,CC(C)C1(NC(=O)C2C=C3c4cccc5[nH]cc(c45)CC3N(C)C2)OC2(O)C3CCCN3C(=O)C(Cc3ccccc3)N2C1=O,0.5014807502467917
Tinidazole,CCS(=O)(=O)CCn1c([N+](=O)[O-])cnc1C,,,,,,,,,,,,,TN4497,CCc1cc(O)c(C)c(=O)o1,0.5185185185185185,,,,,,,,,,,,,,,,,,,,,,,,,,,,,,,,,,,,,,,,,,,,,,,,,,,,,,,,,,,,,,,,,,,,,,TN4750,COC1C(=O)CC23CCN(C)C24CC(OC14OC)c1cc2c(cc13)OCO2,0.5014778325123153
Tinidazole,CCS(=O)(=O)CCn1c([N+](=O)[O-])cnc1C,,,,,,,,,,,,,T3O2784,Cc1ncc(COP(=O)(O)O)c(C)c1O,0.5161290322580645,,,,,,,,,,,,,,,,,,,,,,,,,,,,,,,,,,,,,,,,,,,,,,,,,,,,,,,,,,,,,,,,,,,,,,TN4751,COC1C(=O)CC23CCN(C)C24CC(OC14OC)c1cc2c(cc13)OCO2,0.5014778325123153
Tinidazole,CCS(=O)(=O)CCn1c([N+](=O)[O-])cnc1C,,,,,,,,,,,,,T2948,CCOc1cc(C=O)ccc1OC(C)=O,0.5161290322580645,,,,,,,,,,,,,,,,,,,,,,,,,,,,,,,,,,,,,,,,,,,,,,,,,,,,,,,,,,,,,,,,,,,,,,TBBP04364,COC1=CC2=C3c4c(c(OC)c(=O)c(O)c5cc(OC)c6c(OC)cc(O)c(c6c45)C3C1=O)C(C(C)=O)C2(C)O,0.5014778325123153
Tinidazole,CCS(=O)(=O)CCn1c([N+](=O)[O-])cnc1C,,,,,,,,,,,,,T19792,Cn1c(=O)c2c([nH]c(=O)n2C)n(C)c1=O,0.5161290322580645,,,,,,,,,,,,,,,,,,,,,,,,,,,,,,,,,,,,,,,,,,,,,,,,,,,,,,,,,,,,,,,,,,,,,,T8126,CON=C(C(=O)NC1C(=O)N2C(C(=O)[O-])=C(CSc3nc(C)c(CC(=O)[O-])s3)CSC12)c1csc(N)n1.[Na+].[Na+],0.5010060362173038
Tinidazole,CCS(=O)(=O)CCn1c([N+](=O)[O-])cnc1C,,,,,,,,,,,,,STOCK1N-00902,CC(C)CC1NC(=O)C2CCCN2C1=O,0.5161290322580645,,,,,,,,,,,,,,,,,,,,,,,,,,,,,,,,,,,,,,,,,,,,,,,,,,,,,,,,,,,,,,,,,,,,,,TCFN95439,COC1C2CC3C(C)(C)OC(CC=C(C)C(=O)O)(C2=O)C32Oc3c(CC=C(C)C)c4c(c(O)c3C(=O)C12)C=CC(C)(CCC=C(C)C)O4,0.501004016064257
Tinidazole,CCS(=O)(=O)CCn1c([N+](=O)[O-])cnc1C,,,,,,,,,,,,,STOCK1N-70504,CSCCC1NC(=O)C2CCCN2C1=O,0.5161290322580645,,,,,,,,,,,,,,,,,,,,,,,,,,,,,,,,,,,,,,,,,,,,,,,,,,,,,,,,,,,,,,,,,,,,,,TCFN92957,CCOC1C2CC3C(C)(C)OC(CC=C(C)C(=O)O)(C2=O)C32Oc3c(CC=C(C)C)c4c(c(O)c3C(=O)C12)C=CC(C)(CCC=C(C)C)O4,0.501004016064257
Tinidazole,CCS(=O)(=O)CCn1c([N+](=O)[O-])cnc1C,,,,,,,,,,,,,N013-0012,O=C(O)CCn1c(=O)sc2ccccc21,0.5161290322580645,,,,,,,,,,,,,,,,,,,,,,,,,,,,,,,,,,,,,,,,,,,,,,,,,,,,,,,,,,,,,,,,,,,,,,TCFN95458,COC1C2CC3C(C)(C)OC(CC=C(CO)C(=O)O)(C2=O)C32Oc3c(CC=C(C)C)c4c(c(O)c3C(=O)C12)C=CC(C)(CCC=C(C)C)O4,0.501004016064257
Tinidazole,CCS(=O)(=O)CCn1c([N+](=O)[O-])cnc1C,,,,,,,,,,,,,NP-007994,CCCC(O)c1c(OC)cc(=O)oc1C,0.5161290322580645,,,,,,,,,,,,,,,,,,,,,,,,,,,,,,,,,,,,,,,,,,,,,,,,,,,,,,,,,,,,,,,,,,,,,,T3013,CCC1=CC2CN3CCc4c([nH]c5ccccc45)C(C(=O)OC)(C2)C13.O=C(O)C(O)C(O)C(=O)O,0.501
Tinidazole,CCS(=O)(=O)CCn1c([N+](=O)[O-])cnc1C,,,,,,,,,,,,,NP-010035,CC(C)=CCn1cnc(N)c2ncnc1-2,0.5161290322580645,,,,,,,,,,,,,,,,,,,,,,,,,,,,,,,,,,,,,,,,,,,,,,,,,,,,,,,,,,,,,,,,,,,,,,T2782L,CCC1=CC2CN3CCc4c([nH]c5ccccc45)C(C(=O)OC)(C2)C13.O=C(O)C(O)C(O)C(=O)O,0.501
Tinidazole,CCS(=O)(=O)CCn1c([N+](=O)[O-])cnc1C,,,,,,,,,,,,,NP-011220,CCC(C)C1NC(=O)C2CCCN2C1=O,0.5161290322580645,,,,,,,,,,,,,,,,,,,,,,,,,,,,,,,,,,,,,,,,,,,,,,,,,,,,,,,,,,,,,,,,,,,,,,NP-016770,CC1OC(CC(=O)O)C(O)C2=C1C(=O)c1c(O)c3c(c(O)c1C2=O)C1CC(O)C3(O)C(C)O1,0.501
Tinidazole,CCS(=O)(=O)CCn1c([N+](=O)[O-])cnc1C,,,,,,,,,,,,,NP-013766,CC(C)CC1NC(=O)C2CCCN2C1=O,0.5161290322580645,,,,,,,,,,,,,,,,,,,,,,,,,,,,,,,,,,,,,,,,,,,,,,,,,,,,,,,,,,,,,,,,,,,,,,TN3838,CNC(=O)C1C(O)C2(O)c3c(OC)cc(OC)cc3OC2(c2ccc(OC)cc2)C1c1ccccc1,0.500998003992016
Tinidazole,CCS(=O)(=O)CCn1c([N+](=O)[O-])cnc1C,,,,,,,,,,,,,NP-015367,CCC(C)C1NC(=O)C2CCCN2C1=O,0.5161290322580645,,,,,,,,,,,,,,,,,,,,,,,,,,,,,,,,,,,,,,,,,,,,,,,,,,,,,,,,,,,,,,,,,,,,,,TBBP05654,COC(=O)C1=COC(OC2OC(CO)C(O)C(O)C2O)C2C1CC1c3[nH]c4ccccc4c3CC[N+]1([O-])C2CO,0.500996015936255
Tinidazole,CCS(=O)(=O)CCn1c([N+](=O)[O-])cnc1C,,,,,,,,,,,,,NP-019304,COc1cc(C(C)CC(=O)O)oc(=O)c1,0.5161290322580645,,,,,,,,,,,,,,,,,,,,,,,,,,,,,,,,,,,,,,,,,,,,,,,,,,,,,,,,,,,,,,,,,,,,,,T6185,CC(C)=CCCC1(C)C=Cc2c(O)c3c(c(CC=C(C)C)c2O1)OC12C(=CC4CC1C(C)(C)OC2(CC=C(C)C(=O)O)C4=O)C3=O,0.5009940357852882
Tinidazole,CCS(=O)(=O)CCn1c([N+](=O)[O-])cnc1C,,,,,,,,,,,,,NP-022512,CC(C)CC(=O)NCCc1ccccc1,0.5161290322580645,,,,,,,,,,,,,,,,,,,,,,,,,,,,,,,,,,,,,,,,,,,,,,,,,,,,,,,,,,,,,,,,,,,,,,TNP-002282,CC(C)=CCCC1(C)C=Cc2c(O)c3c(c(CC=C(C)C)c2O1)OC12C(=CC4CC1C(C)(C)OC2(CC=C(C)C(=O)O)C4=O)C3=O,0.5009940357852882
Tinidazole,CCS(=O)(=O)CCn1c([N+](=O)[O-])cnc1C,,,,,,,,,,,,,NP-024293,CC(O)c1ccc(C(=O)CCC(=O)O)o1,0.5161290322580645,,,,,,,,,,,,,,,,,,,,,,,,,,,,,,,,,,,,,,,,,,,,,,,,,,,,,,,,,,,,,,,,,,,,,,TCFN92101,CC(C)=CCCC1(C)C=Cc2c(O)c3c(c(CC=C(C)C)c2O1)OC12C(=CC4CC1C(C)(C)OC2(CC=C(CO)C(=O)O)C4=O)C3=O,0.5009940357852882
Tinidazole,CCS(=O)(=O)CCn1c([N+](=O)[O-])cnc1C,,,,,,,,,,,,,NP-024682,COC(=O)c1cc(CC(=O)O)ccc1C,0.5161290322580645,,,,,,,,,,,,,,,,,,,,,,,,,,,,,,,,,,,,,,,,,,,,,,,,,,,,,,,,,,,,,,,,,,,,,,TCFN95440,CC(C)=CCCC1(C)C=Cc2c(O)c3c(c(CC=C(C)C)c2O1)OC12C(=CC4CC1C(C)(C)OC2(CC=C(C)C(=O)O)C4=O)C3=O,0.5009940357852882
Tinidazole,CCS(=O)(=O)CCn1c([N+](=O)[O-])cnc1C,,,,,,,,,,,,,NP-024722,CCC=Cc1c(OC)cc(=O)oc1CO,0.5161290322580645,,,,,,,,,,,,,,,,,,,,,,,,,,,,,,,,,,,,,,,,,,,,,,,,,,,,,,,,,,,,,,,,,,,,,,TN1192,CC=C1CN2C3Cc4c([nH]c5ccccc45)C2(O)CC1C3(CO)C(=O)OC,0.500990099009901
Tinidazole,CCS(=O)(=O)CCn1c([N+](=O)[O-])cnc1C,,,,,,,,,,,,,NP-025259,COc1cc(C(C)CCO)oc(=O)c1C,0.5161290322580645,,,,,,,,,,,,,,,,,,,,,,,,,,,,,,,,,,,,,,,,,,,,,,,,,,,,,,,,,,,,,,,,,,,,,,TBBP01523,COc1cc(C(=O)OC2CC34CCNC35CC(OC5(OC)C2O)c2cc3c(cc24)OCO3)ccc1O,0.500990099009901
Tinidazole,CCS(=O)(=O)CCn1c([N+](=O)[O-])cnc1C,,,,,,,,,,,,,NP-025262,CC(=O)c1ccc(C(O)CCC(=O)O)o1,0.5161290322580645,,,,,,,,,,,,,,,,,,,,,,,,,,,,,,,,,,,,,,,,,,,,,,,,,,,,,,,,,,,,,,,,,,,,,,T3S1916,CC=C(C)C(=O)OC1c2cc3c(c4c2C2(CO4)C(=O)C(OC)=C(OC)C=C2CC(C)C1C)OCO3,0.5009881422924901
Tinidazole,CCS(=O)(=O)CCn1c([N+](=O)[O-])cnc1C,,,,,,,,,,,,,TN3866,COc1cc(CCCO)cc(OC)c1O,0.5161290322580645,,,,,,,,,,,,,,,,,,,,,,,,,,,,,,,,,,,,,,,,,,,,,,,,,,,,,,,,,,,,,,,,,,,,,,NP-021022,COC(=O)CCC(O)C1(C(=O)OC)CC(=O)c2c(cc3c(c2O)C2C=CC4(C3)C(=O)c3cc(C)cc(O)c3C(O)=C4C2=O)O1,0.5009861932938856
Tinidazole,CCS(=O)(=O)CCn1c([N+](=O)[O-])cnc1C,,,,,,,,,,,,,T8191,C[N+](C)(C)C(Cc1c[nH]c(=S)[nH]1)C(=O)[O-],0.5161290322580645,,,,,,,,,,,,,,,,,,,,,,,,,,,,,,,,,,,,,,,,,,,,,,,,,,,,,,,,,,,,,,,,,,,,,,T1304,CN(C)C1C(O)=C(C(N)=O)C(=O)C2(O)C(O)=C3C(=O)c4c(O)ccc(Cl)c4C(C)(O)C3CC12.Cl,0.5009842519685039
Tinidazole,CCS(=O)(=O)CCn1c([N+](=O)[O-])cnc1C,,,,,,,,,,,,,NP-001848,CC(C)CC1NC(=O)C2CCCN2C1=O,0.5161290322580645,,,,,,,,,,,,,,,,,,,,,,,,,,,,,,,,,,,,,,,,,,,,,,,,,,,,,,,,,,,,,,,,,,,,,,STOCK1N-05570,CN(C)C1C(O)=C(C(N)=O)C(=O)C2(O)C(O)=C3C(=O)c4c(O)ccc(Cl)c4C(C)(O)C3CC12.Cl,0.5009842519685039
Tinidazole,CCS(=O)(=O)CCn1c([N+](=O)[O-])cnc1C,,,,,,,,,,,,,TBBP06464,CCC(C)C1NC(=O)C2CCCN2C1=O,0.5161290322580645,,,,,,,,,,,,,,,,,,,,,,,,,,,,,,,,,,,,,,,,,,,,,,,,,,,,,,,,,,,,,,,,,,,,,,TBBP01366,COc1ccc2c(c1OC)C13CCN(C)C14CC2OC4(OC)C(OC)C(OC(=O)C=Cc1ccccc1)C3,0.5009823182711198
Tinidazole,CCS(=O)(=O)CCn1c([N+](=O)[O-])cnc1C,,,,,,,,,,,,,TBBP06460,CC(C)CC1NC(=O)C2CCCN2C1=O,0.5161290322580645,,,,,,,,,,,,,,,,,,,,,,,,,,,,,,,,,,,,,,,,,,,,,,,,,,,,,,,,,,,,,,,,,,,,,,NP-003457,CC=CC=CC(=O)N1CCC23c4ccccc4NC4N(C)c5cccc6c5C42CCN(C6C2OC2(C)C)C13,0.5009803921568627
Tinidazole,CCS(=O)(=O)CCn1c([N+](=O)[O-])cnc1C,,,,,,,,,,,,,TBBP04389,Cn1c(=O)c2[nH]c(=O)n(C)c2n(C)c1=O,0.5161290322580645,,,,,,,,,,,,,,,,,,,,,,,,,,,,,,,,,,,,,,,,,,,,,,,,,,,,,,,,,,,,,,,,,,,,,,T29794,CC=C(C=O)C1CC2c3c(c4ccccc4n3C(O)C1)CCN2C,0.500507614213198
Tinidazole,CCS(=O)(=O)CCn1c([N+](=O)[O-])cnc1C,,,,,,,,,,,,,TBBP02897,CC(C)CC1NC(=O)C2CCCN2C1=O,0.5161290322580645,,,,,,,,,,,,,,,,,,,,,,,,,,,,,,,,,,,,,,,,,,,,,,,,,,,,,,,,,,,,,,,,,,,,,,TCFN95450,COC1C2CC3C(C)(C)OC(CC=C(C)C(=O)O)(C2=O)C32Oc3c(CC=C(C)C)c(O)c(CC=C(C)CCC=C(C)C)c(O)c3C(=O)C12,0.5005055611729019
Tinidazole,CCS(=O)(=O)CCn1c([N+](=O)[O-])cnc1C,,,,,,,,,,,,,TN4992,CCCCC1(O)OC(=O)C2=C1CCC=C2,0.5161290322580645,,,,,,,,,,,,,,,,,,,,,,,,,,,,,,,,,,,,,,,,,,,,,,,,,,,,,,,,,,,,,,,,,,,,,,TBBP03261,C=CC1CN2CCC1CC2C12Nc3ccccc3C1(O)CCO2,0.500503524672709
Tinidazole,CCS(=O)(=O)CCn1c([N+](=O)[O-])cnc1C,,,,,,,,,,,,,TBBP03757,CCCCC1OC(=O)c2ccc(O)cc21,0.5161290322580645,,,,,,,,,,,,,,,,,,,,,,,,,,,,,,,,,,,,,,,,,,,,,,,,,,,,,,,,,,,,,,,,,,,,,,TN4881,C=CC1CN2CCC1CC2C12Nc3ccccc3C1(O)CCO2,0.500503524672709
Tinidazole,CCS(=O)(=O)CCn1c([N+](=O)[O-])cnc1C,,,,,,,,,,,,,T8433,CCCCCCCc1cc(=O)c2ccccc2n1O,0.5142857142857142,,,,,,,,,,,,,,,,,,,,,,,,,,,,,,,,,,,,,,,,,,,,,,,,,,,,,,,,,,,,,,,,,,,,,,TCFN92099,CC(C)=CCCC1(C)C=Cc2c(O)c3c(c(CC=C(C)C)c2O1)OC12C(C3=O)C(O)C3CC1C(C)(C)OC2(CC=C(C)C(=O)O)C3=O,0.5005025125628141
Tinidazole,CCS(=O)(=O)CCn1c([N+](=O)[O-])cnc1C,,,,,,,,,,,,,TWO2724,Nc1ccc(N(CCO)CCO)cc1.O=S(=O)(O)O,0.5142857142857142,,,,,,,,,,,,,,,,,,,,,,,,,,,,,,,,,,,,,,,,,,,,,,,,,,,,,,,,,,,,,,,,,,,,,,TCFN95437,COC1C2CC3C(C)(C)OC(CC=C(C)C(=O)O)(C2=O)C32Oc3c(CC=C(C)C)c4c(c(O)c3C(=O)C12)C=CC(C)(C)O4,0.5005025125628141
Tinidazole,CCS(=O)(=O)CCn1c([N+](=O)[O-])cnc1C,,,,,,,,,,,,,TN5284,CCCCCCCCCC(=O)CC(O)S(=O)(=O)[O-].[Na+],0.5142857142857142,,,,,,,,,,,,,,,,,,,,,,,,,,,,,,,,,,,,,,,,,,,,,,,,,,,,,,,,,,,,,,,,,,,,,,TCFN92100,CC(C)=CCCC1(C)C=Cc2c(O)c3c(c(CC=C(C)C)c2O1)OC12C(C3=O)C(O)C3CC1C(C)(C)OC2(CC=C(C)C(=O)O)C3=O,0.5005025125628141
Tinidazole,CCS(=O)(=O)CCn1c([N+](=O)[O-])cnc1C,,,,,,,,,,,,,NP-007812,CC(C)CCCC(C)(O)c1ccc(C(=O)O)cc1O,0.5142857142857142,,,,,,,,,,,,,,,,,,,,,,,,,,,,,,,,,,,,,,,,,,,,,,,,,,,,,,,,,,,,,,,,,,,,,,NP-010150,O=C1CC23C=CCN4CCC5c6cc7c(cc6N1C5(CC2)C43)OCO7,0.5004995004995005
Tinidazole,CCS(=O)(=O)CCn1c([N+](=O)[O-])cnc1C,,,,,,,,,,,,,NP-008391,CC1=CCC(C(=O)C(C)C)(C(C)CC(=O)O)CC1=O,0.5142857142857142,,,,,,,,,,,,,,,,,,,,,,,,,,,,,,,,,,,,,,,,,,,,,,,,,,,,,,,,,,,,,,,,,,,,,,TCFN92089,CC(C)=CCCC1(C)C=Cc2c(O)c3c(c(CC=C(C)C)c2O1)OC12C(=CC4CC1C(C)(C)OC2(CC=C(C)C)C4=O)C3=O,0.5004975124378109
Tinidazole,CCS(=O)(=O)CCn1c([N+](=O)[O-])cnc1C,,,,,,,,,,,,,NP-012762,COC(=O)C=Cc1ncn(C)c1CC(O)C(C)(C)O,0.5142857142857142,,,,,,,,,,,,,,,,,,,,,,,,,,,,,,,,,,,,,,,,,,,,,,,,,,,,,,,,,,,,,,,,,,,,,,TN3919,COC(=O)C1=C2Nc3ccccc3C23CCN2CCCC(C(C)OC(=O)c4cc(OC)c(OC)c(OC)c4)(C1)C23,0.5004955401387512
Tinidazole,CCS(=O)(=O)CCn1c([N+](=O)[O-])cnc1C,,,,,,,,,,,,,NP-023948,O=C(O)CCCCC(=O)Nc1ccccc1C(=O)O,0.5142857142857142,,,,,,,,,,,,,,,,,,,,,,,,,,,,,,,,,,,,,,,,,,,,,,,,,,,,,,,,,,,,,,,,,,,,,,,,
Tinidazole,CCS(=O)(=O)CCn1c([N+](=O)[O-])cnc1C,,,,,,,,,,,,,AM-573/21032002,CCCCCCCCCC1=C(O)C(=O)C=C(O)C1=O,0.5142857142857142,,,,,,,,,,,,,,,,,,,,,,,,,,,,,,,,,,,,,,,,,,,,,,,,,,,,,,,,,,,,,,,,,,,,,,,,
Tinidazole,CCS(=O)(=O)CCn1c([N+](=O)[O-])cnc1C,,,,,,,,,,,,,T2O2741,Cc1ncc(C[n+]2csc(CCO)c2C)c(N)n1.[Cl-],0.5142857142857142,,,,,,,,,,,,,,,,,,,,,,,,,,,,,,,,,,,,,,,,,,,,,,,,,,,,,,,,,,,,,,,,,,,,,,,,
Tinidazole,CCS(=O)(=O)CCn1c([N+](=O)[O-])cnc1C,,,,,,,,,,,,,TN3976,Cc1cc2c(c(C)c1CCO)C(=O)C(C)(CO)C2O,0.5142857142857142,,,,,,,,,,,,,,,,,,,,,,,,,,,,,,,,,,,,,,,,,,,,,,,,,,,,,,,,,,,,,,,,,,,,,,,,
Tinidazole,CCS(=O)(=O)CCn1c([N+](=O)[O-])cnc1C,,,,,,,,,,,,,TN3201,C=C1C(=O)OC2CC(C)C(CCC(C)=O)=CC(O)C12,0.5142857142857142,,,,,,,,,,,,,,,,,,,,,,,,,,,,,,,,,,,,,,,,,,,,,,,,,,,,,,,,,,,,,,,,,,,,,,,,
Tinidazole,CCS(=O)(=O)CCn1c([N+](=O)[O-])cnc1C,,,,,,,,,,,,,TBBP05596,CCCC(O)CC(=O)CCc1ccc(O)c(OC)c1,0.5142857142857142,,,,,,,,,,,,,,,,,,,,,,,,,,,,,,,,,,,,,,,,,,,,,,,,,,,,,,,,,,,,,,,,,,,,,,,,
Tinidazole,CCS(=O)(=O)CCn1c([N+](=O)[O-])cnc1C,,,,,,,,,,,,,TBBP06148,CC(=O)CCC1C(C)C(=O)OC1C1=C(C)CCC1=O,0.5142857142857142,,,,,,,,,,,,,,,,,,,,,,,,,,,,,,,,,,,,,,,,,,,,,,,,,,,,,,,,,,,,,,,,,,,,,,,,
Tinidazole,CCS(=O)(=O)CCn1c([N+](=O)[O-])cnc1C,,,,,,,,,,,,,TN4219,CC(C)CC(=O)OCc1cocc2c(C=O)ccc1-2,0.5142857142857142,,,,,,,,,,,,,,,,,,,,,,,,,,,,,,,,,,,,,,,,,,,,,,,,,,,,,,,,,,,,,,,,,,,,,,,,
Tinidazole,CCS(=O)(=O)CCn1c([N+](=O)[O-])cnc1C,,,,,,,,,,,,,TCFN90273,CC(C)CC1NC(=O)C(Cc2ccccc2)NC1=O,0.5142857142857142,,,,,,,,,,,,,,,,,,,,,,,,,,,,,,,,,,,,,,,,,,,,,,,,,,,,,,,,,,,,,,,,,,,,,,,,
Tinidazole,CCS(=O)(=O)CCn1c([N+](=O)[O-])cnc1C,,,,,,,,,,,,,TCFN91184,CCCCCCCCCC1=C(O)C(=O)C=C(O)C1=O,0.5142857142857142,,,,,,,,,,,,,,,,,,,,,,,,,,,,,,,,,,,,,,,,,,,,,,,,,,,,,,,,,,,,,,,,,,,,,,,,
Tinidazole,CCS(=O)(=O)CCn1c([N+](=O)[O-])cnc1C,,,,,,,,,,,,,T19891,CCc1cccc(C)c1N(C(=O)CCl)C(C)COC,0.5142857142857142,,,,,,,,,,,,,,,,,,,,,,,,,,,,,,,,,,,,,,,,,,,,,,,,,,,,,,,,,,,,,,,,,,,,,,,,
Tinidazole,CCS(=O)(=O)CCn1c([N+](=O)[O-])cnc1C,,,,,,,,,,,,,NP-000446,CC1=CC(=O)C2C(C)(C)CCCC2(C)C1CCC(C)CC(=O)O,0.5128205128205128,,,,,,,,,,,,,,,,,,,,,,,,,,,,,,,,,,,,,,,,,,,,,,,,,,,,,,,,,,,,,,,,,,,,,,,,
Tinidazole,CCS(=O)(=O)CCn1c([N+](=O)[O-])cnc1C,,,,,,,,,,,,,NP-006767,CC(=O)OC1C=C(CO)C(=O)C(OC(=O)CC(C)C)C1C(C)C,0.5128205128205128,,,,,,,,,,,,,,,,,,,,,,,,,,,,,,,,,,,,,,,,,,,,,,,,,,,,,,,,,,,,,,,,,,,,,,,,
Tinidazole,CCS(=O)(=O)CCn1c([N+](=O)[O-])cnc1C,,,,,,,,,,,,,NP-009048,CC1=CC(=O)CC2C1(C)CCC(C)C2(C)CCC(C)CC(=O)O,0.5128205128205128,,,,,,,,,,,,,,,,,,,,,,,,,,,,,,,,,,,,,,,,,,,,,,,,,,,,,,,,,,,,,,,,,,,,,,,,
Tinidazole,CCS(=O)(=O)CCn1c([N+](=O)[O-])cnc1C,,,,,,,,,,,,,NP-009679,CC1=CC(=O)CC2C1(C)CCC(C)C2(C)CCC(C)CC(=O)O,0.5128205128205128,,,,,,,,,,,,,,,,,,,,,,,,,,,,,,,,,,,,,,,,,,,,,,,,,,,,,,,,,,,,,,,,,,,,,,,,
Tinidazole,CCS(=O)(=O)CCn1c([N+](=O)[O-])cnc1C,,,,,,,,,,,,,NP-011440,COC(=O)CC1(CC=C(C)CCC=C(C)C)CC(=O)CCC1=O,0.5128205128205128,,,,,,,,,,,,,,,,,,,,,,,,,,,,,,,,,,,,,,,,,,,,,,,,,,,,,,,,,,,,,,,,,,,,,,,,
Tinidazole,CCS(=O)(=O)CCn1c([N+](=O)[O-])cnc1C,,,,,,,,,,,,,NP-012818,CSC1(CO)C(=O)N(C)C(Cc2ccccc2)(SC)C(=O)N1C,0.5128205128205128,,,,,,,,,,,,,,,,,,,,,,,,,,,,,,,,,,,,,,,,,,,,,,,,,,,,,,,,,,,,,,,,,,,,,,,,
Tinidazole,CCS(=O)(=O)CCn1c([N+](=O)[O-])cnc1C,,,,,,,,,,,,,AM-573/20891008,CCCCCCCCCCCC1=C(OC)C(=O)C=C(OC)C1=O,0.5128205128205128,,,,,,,,,,,,,,,,,,,,,,,,,,,,,,,,,,,,,,,,,,,,,,,,,,,,,,,,,,,,,,,,,,,,,,,,
Tinidazole,CCS(=O)(=O)CCn1c([N+](=O)[O-])cnc1C,,,,,,,,,,,,,TBBP03434,CCCCCCCCC=CCc1ccc2c(c1)c(=O)ccn2C,0.5128205128205128,,,,,,,,,,,,,,,,,,,,,,,,,,,,,,,,,,,,,,,,,,,,,,,,,,,,,,,,,,,,,,,,,,,,,,,,
Tinidazole,CCS(=O)(=O)CCn1c([N+](=O)[O-])cnc1C,,,,,,,,,,,,,TN4700,CC=C(C=O)C(CC=O)CC(=O)OCCc1ccc(O)c(O)c1,0.5128205128205128,,,,,,,,,,,,,,,,,,,,,,,,,,,,,,,,,,,,,,,,,,,,,,,,,,,,,,,,,,,,,,,,,,,,,,,,
Tinidazole,CCS(=O)(=O)CCn1c([N+](=O)[O-])cnc1C,,,,,,,,,,,,,TN2553,CCCCCCCCCCCc1cc(=O)c2ccccc2n1C,0.5128205128205128,,,,,,,,,,,,,,,,,,,,,,,,,,,,,,,,,,,,,,,,,,,,,,,,,,,,,,,,,,,,,,,,,,,,,,,,
Tinidazole,CCS(=O)(=O)CCn1c([N+](=O)[O-])cnc1C,,,,,,,,,,,,,TN4936,Cc1ccc2c(c1CCC(=O)C(C)C)C(=O)C(=O)C(C(C)C)=C2,0.5128205128205128,,,,,,,,,,,,,,,,,,,,,,,,,,,,,,,,,,,,,,,,,,,,,,,,,,,,,,,,,,,,,,,,,,,,,,,,
Tinidazole,CCS(=O)(=O)CCn1c([N+](=O)[O-])cnc1C,,,,,,,,,,,,,TCFN90885,CCCCCCCC(=O)c1c(O)cc(O)cc1CC(=O)OCC,0.5128205128205128,,,,,,,,,,,,,,,,,,,,,,,,,,,,,,,,,,,,,,,,,,,,,,,,,,,,,,,,,,,,,,,,,,,,,,,,
Tinidazole,CCS(=O)(=O)CCn1c([N+](=O)[O-])cnc1C,,,,,,,,,,,,,TCFN90094,CC(=O)OC1C(C)OC(n2cc(F)c(N)nc2=O)C1OC(C)=O,0.5128205128205128,,,,,,,,,,,,,,,,,,,,,,,,,,,,,,,,,,,,,,,,,,,,,,,,,,,,,,,,,,,,,,,,,,,,,,,,
Tinidazole,CCS(=O)(=O)CCn1c([N+](=O)[O-])cnc1C,,,,,,,,,,,,,TCFN92247,C=C(C)CCC(=O)c1c(C)ccc2c1C(=O)C(=O)C(C(C)C)=C2,0.5128205128205128,,,,,,,,,,,,,,,,,,,,,,,,,,,,,,,,,,,,,,,,,,,,,,,,,,,,,,,,,,,,,,,,,,,,,,,,
Tinidazole,CCS(=O)(=O)CCn1c([N+](=O)[O-])cnc1C,,,,,,,,,,,,,T4874,Cc1ncc(C[n+]2csc(CCOP(=O)(O)OP(=O)(O)O)c2C)c(N)n1.[Cl-],0.5116279069767442,,,,,,,,,,,,,,,,,,,,,,,,,,,,,,,,,,,,,,,,,,,,,,,,,,,,,,,,,,,,,,,,,,,,,,,,
Tinidazole,CCS(=O)(=O)CCn1c([N+](=O)[O-])cnc1C,,,,,,,,,,,,,NP-007525,CC(C)=CCCC(C)=CCOCC1OC(n2ccc(=O)[nH]c2=O)C(O)C1O,0.5116279069767442,,,,,,,,,,,,,,,,,,,,,,,,,,,,,,,,,,,,,,,,,,,,,,,,,,,,,,,,,,,,,,,,,,,,,,,,
Tinidazole,CCS(=O)(=O)CCn1c([N+](=O)[O-])cnc1C,,,,,,,,,,,,,NP-008905,CC(=O)OCC(=CC(=O)O)CCC1C(C)=CC(=O)C2C(C)(C)CCCC12C,0.5116279069767442,,,,,,,,,,,,,,,,,,,,,,,,,,,,,,,,,,,,,,,,,,,,,,,,,,,,,,,,,,,,,,,,,,,,,,,,
Tinidazole,CCS(=O)(=O)CCn1c([N+](=O)[O-])cnc1C,,,,,,,,,,,,,NP-011396,CC(=O)OCC1=CC(=O)CC2C1(C)CCC(C)C2(C)CCC(C)CC(=O)O,0.5116279069767442,,,,,,,,,,,,,,,,,,,,,,,,,,,,,,,,,,,,,,,,,,,,,,,,,,,,,,,,,,,,,,,,,,,,,,,,
Tinidazole,CCS(=O)(=O)CCn1c([N+](=O)[O-])cnc1C,,,,,,,,,,,,,NP-013007,CCC(O)(C(=O)OCc1ccc(N2C(=O)CCC2(O)C(=O)O)cc1)C(C)O,0.5116279069767442,,,,,,,,,,,,,,,,,,,,,,,,,,,,,,,,,,,,,,,,,,,,,,,,,,,,,,,,,,,,,,,,,,,,,,,,
Tinidazole,CCS(=O)(=O)CCn1c([N+](=O)[O-])cnc1C,,,,,,,,,,,,,NP-020246,COc1cc(O)c(C(=O)OC(C)CCCC(=O)O)c(C=CCCC(=O)O)c1,0.5116279069767442,,,,,,,,,,,,,,,,,,,,,,,,,,,,,,,,,,,,,,,,,,,,,,,,,,,,,,,,,,,,,,,,,,,,,,,,
Tinidazole,CCS(=O)(=O)CCn1c([N+](=O)[O-])cnc1C,,,,,,,,,,,,,T0937,Cc1cc2nc3c(=O)[nH]c(=O)nc-3n(CC(O)C(O)C(O)CO)c2cc1C,0.5116279069767442,,,,,,,,,,,,,,,,,,,,,,,,,,,,,,,,,,,,,,,,,,,,,,,,,,,,,,,,,,,,,,,,,,,,,,,,
Tinidazole,CCS(=O)(=O)CCn1c([N+](=O)[O-])cnc1C,,,,,,,,,,,,,T4116,C[S+](CCC(N)C(=O)[O-])CC1OC(n2cnc3c(N)ncnc32)C(O)C1O,0.5116279069767442,,,,,,,,,,,,,,,,,,,,,,,,,,,,,,,,,,,,,,,,,,,,,,,,,,,,,,,,,,,,,,,,,,,,,,,,
Tinidazole,CCS(=O)(=O)CCn1c([N+](=O)[O-])cnc1C,,,,,,,,,,,,,TCFN90016,CC(C)OC(=O)OCOP(=O)(COC(C)Cn1cnc2c(N)ncnc21)OCOC(=O)OC(C)C,0.5098039215686274,,,,,,,,,,,,,,,,,,,,,,,,,,,,,,,,,,,,,,,,,,,,,,,,,,,,,,,,,,,,,,,,,,,,,,,,
